,sum,std,month,district
0,2401.3951009114585,0.4856744110757925,2020-01-01,Angeles District
1,2963.3582560221353,0.6104232652469528,2020-01-01,Bay Area District
2,953.4950942993164,0.3448839175366683,2020-01-01,Capital District
3,16149.5380859375,0.521697589084425,2020-01-01,Central Valley District
4,3012.4918619791665,0.5498306149788633,2020-01-01,Channel Coast District
5,4385.15625,0.5836408088702157,2020-01-01,Colorado Desert District
6,14512.778483072916,0.7374811117522381,2020-01-01,Diablo Range District
7,138.1876983642578,0.1467402211597131,2020-01-01,Gold Fields District
8,11527.925048828125,0.3482227196528325,2020-01-01,Great Basin District
9,11398.950846354166,0.41745474024077295,2020-01-01,Inland Empire District
10,887.4720916748047,0.3378907826072404,2020-01-01,Monterey District
11,1050.2265625,0.1993862405289425,2020-01-01,North Coast Redwoods District
12,11068.833417892456,0.2607112193699713,2020-01-01,Northern Buttes District
13,1016.4473470052084,0.5377962256155662,2020-01-01,Oceano Dunes District
14,70659.96875,1.5597680310563125,2020-01-01,Ocotillo Wells District
15,304.01292928059894,0.34165139997407595,2020-01-01,Orange Coast District
16,1483.2147013346355,0.5647286290956098,2020-01-01,San Diego Coast District
17,2324.6239013671875,0.4532327931528716,2020-01-01,San Luis Obispo Coast District
18,2865.0916341145835,0.7691340724222943,2020-01-01,Santa Cruz District
19,7072.139729817708,0.3780567102332937,2020-01-01,Sierra District
20,1133.13916015625,0.3471712094095553,2020-01-01,Sonoma-Mendocino Coast District
21,2963.3582356770835,0.5640461660653306,2020-02-01,Angeles District
22,37319.889322916664,2.2459514503761557,2020-02-01,Bay Area District
23,18053.454427083332,1.8028855527344456,2020-02-01,Capital District
24,44078.796875,0.8860849873879971,2020-02-01,Central Valley District
25,2763.7538248697915,0.527081483554512,2020-02-01,Channel Coast District
26,4133.347493489583,0.5667649244401283,2020-02-01,Colorado Desert District
27,94916.51822916667,2.0947555045178743,2020-02-01,Diablo Range District
28,5631.916178385417,0.9275207049992208,2020-02-01,Gold Fields District
29,11150.213216145834,0.3582960906194437,2020-02-01,Great Basin District
30,11598.5546875,0.42119407915388324,2020-02-01,Inland Empire District
31,964.2430419921875,0.388848292621923,2020-02-01,Monterey District
32,11245.407552083334,0.6464569876419896,2020-02-01,North Coast Redwoods District
33,184234.890625,1.433488289888876,2020-02-01,Northern Buttes District
34,758.4968872070312,0.46543503421945953,2020-02-01,Oceano Dunes District
35,71489.08854166667,1.5686219820561271,2020-02-01,Ocotillo Wells District
36,509.75904337565106,0.442110873013349,2020-02-01,Orange Coast District
37,1983.7610677083333,0.6584207807347223,2020-02-01,San Diego Coast District
38,3196.7421875,0.5580698655756179,2020-02-01,San Luis Obispo Coast District
39,14343.8828125,1.8587810330565364,2020-02-01,Santa Cruz District
40,70844.21614583333,1.2283184171498356,2020-02-01,Sierra District
41,4185.551595052083,0.6630049439792939,2020-02-01,Sonoma-Mendocino Coast District
42,1983.7611490885417,0.4575231560930173,2020-03-01,Angeles District
43,28829.024739583332,1.9759182284704118,2020-03-01,Bay Area District
44,5370.89501953125,1.02031729117771,2020-03-01,Capital District
45,33865.193359375,0.7755337336028868,2020-03-01,Central Valley District
46,2155.72802734375,0.46445614172500643,2020-03-01,Channel Coast District
47,3285.7964680989585,0.5005539791141048,2020-03-01,Colorado Desert District
48,67902.36328125,1.7824608467440048,2020-03-01,Diablo Range District
49,3021.704305013021,0.6754830889163159,2020-03-01,Gold Fields District
50,17172.123372395832,0.4285641211881676,2020-03-01,Great Basin District
51,5656.4835205078125,0.28044150939062457,2020-03-01,Inland Empire District
52,307.0837707519531,0.20776377743039606,2020-03-01,Monterey District
53,9092.750325520834,0.5843956820218176,2020-03-01,North Coast Redwoods District
54,121368.70833333333,1.1708340366731997,2020-03-01,Northern Buttes District
55,552.7507731119791,0.3972290058313365,2020-03-01,Oceano Dunes District
56,71559.71354166667,1.5693622208387803,2020-03-01,Ocotillo Wells District
57,446.806884765625,0.41432110148006235,2020-03-01,Orange Coast District
58,1649.0398559570312,0.6006116114641759,2020-03-01,San Diego Coast District
59,2785.249755859375,0.5201438609940103,2020-03-01,San Luis Obispo Coast District
60,13090.981119791666,1.7794161077196498,2020-03-01,Santa Cruz District
61,64232.7109375,1.155953572218764,2020-03-01,Sierra District
62,3663.5096028645835,0.6220827820851018,2020-03-01,Sonoma-Mendocino Coast District
63,2082.0279541015625,0.4729576213469606,2020-04-01,Angeles District
64,27824.861328125,1.9553468579832554,2020-04-01,Bay Area District
65,4022.7972819010415,0.8834106286890634,2020-04-01,Capital District
66,27502.420572916668,0.7008942030433886,2020-04-01,Central Valley District
67,2128.0904947916665,0.46255674563436866,2020-04-01,Channel Coast District
68,3580.5967610677085,0.5264588286485766,2020-04-01,Colorado Desert District
69,70472.65104166667,1.8190337781103443,2020-04-01,Diablo Range District
70,2275.49072265625,0.5661004111453295,2020-04-01,Gold Fields District
71,12074.53515625,0.3709304562122162,2020-04-01,Great Basin District
72,7901.264811197917,0.3447172088752341,2020-04-01,Inland Empire District
73,451.4131164550781,0.2691201705249752,2020-04-01,Monterey District
74,3436.2672526041665,0.3554259665114546,2020-04-01,North Coast Redwoods District
75,123754.77083333333,1.1823981374498092,2020-04-01,Northern Buttes District
76,448.34227498372394,0.3570264992359065,2020-04-01,Oceano Dunes District
77,70881.06510416667,1.5622250649426987,2020-04-01,Ocotillo Wells District
78,307.08375549316406,0.3228989819735489,2020-04-01,Orange Coast District
79,1329.6727549235027,0.4907740488579771,2020-04-01,San Diego Coast District
80,2530.3702799479165,0.4966779765650157,2020-04-01,San Luis Obispo Coast District
81,11472.650065104166,1.6680374063476906,2020-04-01,Santa Cruz District
82,67896.20833333333,1.199340021600797,2020-04-01,Sierra District
83,2401.39501953125,0.5045209678020773,2020-04-01,Sonoma-Mendocino Coast District
84,2352.26171875,0.5032977508965747,2020-05-01,Angeles District
85,21692.398111979168,1.667350935888207,2020-05-01,Bay Area District
86,19650.290690104168,1.8847601900195505,2020-05-01,Capital District
87,27035.653645833332,0.6847686141424912,2020-05-01,Central Valley District
88,2075.886271158854,0.4570337193866571,2020-05-01,Channel Coast District
89,3559.1007486979165,0.5260647308184184,2020-05-01,Colorado Desert District
90,49007.49609375,1.4756059399152832,2020-05-01,Diablo Range District
91,4412.7937418619795,0.8025421355175927,2020-05-01,Gold Fields District
92,8530.787272135416,0.3127139602371045,2020-05-01,Great Basin District
93,10066.206380208334,0.39249859626054695,2020-05-01,Inland Empire District
94,439.1297912597656,0.261999511148948,2020-05-01,Monterey District
95,1421.7978922526042,0.22551334694068584,2020-05-01,North Coast Redwoods District
96,148303.02604166666,1.2681200921342723,2020-05-01,Northern Buttes District
97,411.4922688802083,0.34224678249266755,2020-05-01,Oceano Dunes District
98,68405.97135416667,1.5355265471789095,2020-05-01,Ocotillo Wells District
99,528.1840515136719,0.44979940917826783,2020-05-01,Orange Coast District
100,1913.1317952473958,0.6463704908531475,2020-05-01,San Diego Coast District
101,2597.9287923177085,0.5030466108627869,2020-05-01,San Luis Obispo Coast District
102,8017.957356770833,1.338734057645684,2020-05-01,Santa Cruz District
103,71307.90364583333,1.2207111484012636,2020-05-01,Sierra District
104,1808.723368326823,0.43149336089400475,2020-05-01,Sonoma-Mendocino Coast District
105,2020.6112874348958,0.46547098540288107,2020-06-01,Angeles District
106,26562.74609375,1.910283842297999,2020-06-01,Bay Area District
107,5033.103006998698,0.8177289945294297,2020-06-01,Capital District
108,30852.704427083332,0.742370843384147,2020-06-01,Central Valley District
109,1523.1355387369792,0.38749618724722,2020-06-01,Channel Coast District
110,3694.2177734375,0.5359330553146388,2020-06-01,Colorado Desert District
111,61908.08203125,1.707857399613193,2020-06-01,Diablo Range District
112,3525.3213704427085,0.7351569381065595,2020-06-01,Gold Fields District
113,8797.951009114584,0.3176753230342307,2020-06-01,Great Basin District
114,9218.653645833334,0.3756853872292534,2020-06-01,Inland Empire District
115,555.8216247558594,0.2984461686225934,2020-06-01,Monterey District
116,2327.6951497395835,0.29619779956422104,2020-06-01,North Coast Redwoods District
117,91412.69791666667,1.0187293352512192,2020-06-01,Northern Buttes District
118,466.767333984375,0.3655377487935291,2020-06-01,Oceano Dunes District
119,69572.890625,1.5481960472897633,2020-06-01,Ocotillo Wells District
120,251.80868530273438,0.29755028252592153,2020-06-01,Orange Coast District
121,1630.6149495442708,0.593326608280235,2020-06-01,San Diego Coast District
122,2459.740966796875,0.4895333888238735,2020-06-01,San Luis Obispo Coast District
123,10090.772786458334,1.5691171732955567,2020-06-01,Santa Cruz District
124,90254.984375,1.3837909314705759,2020-06-01,Sierra District
125,2361.47412109375,0.5006554701012412,2020-06-01,Sonoma-Mendocino Coast District
126,3883.488037109375,0.5149866693185023,2020-10-01,Angeles District
127,15843.06640625,1.2838181900792005,2020-10-01,Bay Area District
128,8844.1298828125,1.0445928482363651,2020-10-01,Capital District
129,56830.8359375,0.8722317333746482,2020-10-01,Central Valley District
130,3361.85400390625,0.465113945083856,2020-10-01,Channel Coast District
131,7209.90576171875,0.7113405330872845,2020-10-01,Colorado Desert District
132,62685.17578125,1.533523441333052,2020-10-01,Diablo Range District
133,4905.763671875,0.7431833270029999,2020-10-01,Gold Fields District
134,14934.330078125,0.3565703515444915,2020-10-01,Great Basin District
135,12738.36328125,0.4003162105634875,2020-10-01,Inland Empire District
136,2290.887939453125,0.4750116783885168,2020-10-01,Monterey District
137,10850.607421875,0.4765262017609762,2020-10-01,North Coast Redwoods District
138,127713.3046875,1.0765561183963102,2020-10-01,Northern Buttes District
139,732.1751098632812,0.3602624845645144,2020-10-01,Oceano Dunes District
140,90416.375,1.7304836420394565,2020-10-01,Ocotillo Wells District
141,1319.36669921875,0.5298010059721355,2020-10-01,Orange Coast District
142,3854.917724609375,0.7390151760305032,2020-10-01,San Diego Coast District
143,2645.83251953125,0.4071236060581893,2020-10-01,San Luis Obispo Coast District
144,7654.9169921875,1.1544922267492486,2020-10-01,Santa Cruz District
145,107695.484375,1.4471620247184205,2020-10-01,Sierra District
146,3798.216552734375,0.5016622288846725,2020-10-01,Sonoma-Mendocino Coast District
147,3941.093017578125,0.516551713155596,2020-11-01,Angeles District
148,15680.671875,1.2748960660744435,2020-11-01,Bay Area District
149,22175.234375,1.7497271391654456,2020-11-01,Capital District
150,58801.7578125,0.8783920440863566,2020-11-01,Central Valley District
151,3342.662109375,0.4629749504335139,2020-11-01,Channel Coast District
152,7251.05859375,0.7139623154298982,2020-11-01,Colorado Desert District
153,64410.26953125,1.5520257403049302,2020-11-01,Diablo Range District
154,5517.92724609375,0.7740699422378614,2020-11-01,Gold Fields District
155,17769.392578125,0.3850919230982905,2020-11-01,Great Basin District
156,13284.9482421875,0.4068551348615599,2020-11-01,Inland Empire District
157,2196.564697265625,0.4659782247250706,2020-11-01,Monterey District
158,12223.5302734375,0.5061388574213543,2020-11-01,North Coast Redwoods District
159,196365.015625,1.347756473487839,2020-11-01,Northern Buttes District
160,704.863525390625,0.3518357697706823,2020-11-01,Oceano Dunes District
161,91562.265625,1.7390926535093685,2020-11-01,Ocotillo Wells District
162,1518.3489990234375,0.5821679267794393,2020-11-01,Orange Coast District
163,4041.02197265625,0.7557491317095457,2020-11-01,San Diego Coast District
164,2567.25390625,0.3974929454070913,2020-11-01,San Luis Obispo Coast District
165,7562.5322265625,1.1454797041360183,2020-11-01,Santa Cruz District
166,114164.78125,1.4775335697879644,2020-11-01,Sierra District
167,4284.14404296875,0.5224729866754952,2020-11-01,Sonoma-Mendocino Coast District
168,3782.9521484375,0.4500050271782388,2021-01-01,Angeles District
169,16548.7890625,1.0752448518155797,2021-01-01,Bay Area District
170,30530.109375,1.6656691514203235,2021-01-01,Capital District
171,56601.28125,0.7074989649472763,2021-01-01,Central Valley District
172,2651.966552734375,0.3644238181183903,2021-01-01,Channel Coast District
173,7383.90576171875,0.5336669042922383,2021-01-01,Colorado Desert District
174,71921.578125,1.296379665143536,2021-01-01,Diablo Range District
175,6064.42236328125,0.6820817376597232,2021-01-01,Gold Fields District
176,18823.763671875,0.328314846613499,2021-01-01,Great Basin District
177,13695.3330078125,0.32295920991576876,2021-01-01,Inland Empire District
178,1767.9774169921875,0.37823497727282784,2021-01-01,Monterey District
179,7468.40478515625,0.3745711038198472,2021-01-01,North Coast Redwoods District
180,190759.71875,1.0316191001070483,2021-01-01,Northern Buttes District
181,643.4918823242188,0.3027471858144307,2021-01-01,Oceano Dunes District
182,92058.3359375,1.250476401151611,2021-01-01,Ocotillo Wells District
183,1026.9869384765625,0.4428493343693743,2021-01-01,Orange Coast District
184,3847.951416015625,0.6457894071834711,2021-01-01,San Diego Coast District
185,2242.471435546875,0.3300512342353086,2021-01-01,San Luis Obispo Coast District
186,7643.90234375,0.9674955407037898,2021-01-01,Santa Cruz District
187,108314.6875,1.0671250946866166,2021-01-01,Sierra District
188,4588.94189453125,0.49181532055178484,2021-01-01,Sonoma-Mendocino Coast District
189,3542.455078125,0.43553285750217274,2021-02-01,Angeles District
190,14644.3134765625,1.0131683589107727,2021-02-01,Bay Area District
191,22411.712890625,1.4414804790581282,2021-02-01,Capital District
192,51784.84375,0.6770771543411072,2021-02-01,Central Valley District
193,2606.46728515625,0.3612939119929866,2021-02-01,Channel Coast District
194,7240.90771484375,0.5285090583079214,2021-02-01,Colorado Desert District
195,66097.6640625,1.2449606619919433,2021-02-01,Diablo Range District
196,6070.9228515625,0.6824430527113705,2021-02-01,Gold Fields District
197,19792.2578125,0.33663265286471566,2021-02-01,Great Basin District
198,13389.8359375,0.3193456712542303,2021-02-01,Inland Empire District
199,1403.982177734375,0.3371758618262026,2021-02-01,Monterey District
200,10893.861328125,0.45204122635821264,2021-02-01,North Coast Redwoods District
201,145578.6875,0.9040365483236497,2021-02-01,Northern Buttes District
202,636.991943359375,0.3012175935125451,2021-02-01,Oceano Dunes District
203,91460.3359375,1.2465704185320747,2021-02-01,Ocotillo Wells District
204,1059.4864501953125,0.44976851972713644,2021-02-01,Orange Coast District
205,3691.953369140625,0.6326927684822903,2021-02-01,San Diego Coast District
206,2612.966796875,0.35619829542874715,2021-02-01,San Luis Obispo Coast District
207,6961.41064453125,0.9242496498477922,2021-02-01,Santa Cruz District
208,103400.75,1.0433119954820638,2021-02-01,Sierra District
209,3581.454833984375,0.4347618611253261,2021-02-01,Sonoma-Mendocino Coast District
210,3256.45849609375,0.41765813800923307,2021-03-01,Angeles District
211,14572.814453125,1.0107550446570128,2021-03-01,Bay Area District
212,7650.40185546875,0.8572361348961878,2021-03-01,Capital District
213,43633.94140625,0.6220537103187525,2021-03-01,Central Valley District
214,2547.968017578125,0.3572289455384343,2021-03-01,Channel Coast District
215,7260.40771484375,0.5292154422478329,2021-03-01,Colorado Desert District
216,59727.7421875,1.1857110062857696,2021-03-01,Diablo Range District
217,4250.94580078125,0.5720243113155529,2021-03-01,Gold Fields District
218,14644.314453125,0.2896646135663153,2021-03-01,Great Basin District
219,12921.841796875,0.3137285351589568,2021-03-01,Inland Empire District
220,1429.98193359375,0.3402750146933485,2021-03-01,Monterey District
221,7533.404296875,0.37619208708802104,2021-03-01,North Coast Redwoods District
222,97745.8125,0.7432205265441352,2021-03-01,Northern Buttes District
223,604.4923095703125,0.29344902107126447,2021-03-01,Oceano Dunes District
224,90491.859375,1.240213812038158,2021-03-01,Ocotillo Wells District
225,916.4883422851562,0.4184527761391086,2021-03-01,Orange Coast District
226,3490.4560546875,0.6153472785375631,2021-03-01,San Diego Coast District
227,2586.96728515625,0.35442706157791526,2021-03-01,San Luis Obispo Coast District
228,7052.41064453125,0.9301427007363131,2021-03-01,Santa Cruz District
229,85603.9140625,0.9515089956019257,2021-03-01,Sierra District
230,3249.958984375,0.4142393556128828,2021-03-01,Sonoma-Mendocino Coast District
231,2976.96240234375,0.3994039933411195,2021-04-01,Angeles District
232,13825.32421875,0.9851330274539484,2021-04-01,Bay Area District
233,5407.9306640625,0.7226337511720871,2021-04-01,Capital District
234,38817.5078125,0.5870201277014072,2021-04-01,Central Valley District
235,2489.468505859375,0.35311660875919887,2021-04-01,Channel Coast District
236,7156.40869140625,0.5254367891886926,2021-04-01,Colorado Desert District
237,56165.7890625,1.1510348733878444,2021-04-01,Diablo Range District
238,3691.953125,0.5333647484412397,2021-04-01,Gold Fields District
239,15710.30078125,0.30000027564631176,2021-04-01,Great Basin District
240,12304.3427734375,0.30615786799630806,2021-04-01,Inland Empire District
241,1449.4815673828125,0.3425807788711771,2021-04-01,Monterey District
242,5531.42919921875,0.3224981548264864,2021-04-01,North Coast Redwoods District
243,103654.25,0.7650429707297122,2021-04-01,Northern Buttes District
244,532.9932250976562,0.27558189029699487,2021-04-01,Oceano Dunes District
245,89419.375,1.2331298273569737,2021-04-01,Ocotillo Wells District
246,701.9910278320312,0.36640472736731755,2021-04-01,Orange Coast District
247,3204.45947265625,0.5898192281768835,2021-04-01,San Diego Coast District
248,2378.9697265625,0.3399210789304861,2021-04-01,San Luis Obispo Coast District
249,6317.919921875,0.8813540794289353,2021-04-01,Santa Cruz District
250,104401.7421875,1.0482118597121024,2021-04-01,Sierra District
251,2950.962646484375,0.3947990247136746,2021-04-01,Sonoma-Mendocino Coast District
252,2807.96435546875,0.3879434572048716,2021-05-01,Angeles District
253,13259.8310546875,0.9652506103727614,2021-05-01,Bay Area District
254,28560.634765625,1.6149942751969806,2021-05-01,Capital District
255,38499.01171875,0.5846268170116492,2021-05-01,Central Valley District
256,2053.9736328125,0.32083005699392037,2021-05-01,Channel Coast District
257,1624.979248046875,0.25101827838794777,2021-05-01,Colorado Desert District
258,54703.3046875,1.1364455892486336,2021-05-01,Diablo Range District
259,7520.40478515625,0.7585328512694395,2021-05-01,Gold Fields District
260,16074.2958984375,0.30344824009757115,2021-05-01,Great Basin District
261,12154.84765625,0.30429639031735234,2021-05-01,Inland Empire District
262,1247.984130859375,0.31794022816612216,2021-05-01,Monterey District
263,4770.9404296875,0.2995603499022076,2021-05-01,North Coast Redwoods District
264,191526.78125,1.0336357799364635,2021-05-01,Northern Buttes District
265,441.994384765625,0.25099500470546054,2021-05-01,Oceano Dunes District
266,3769.952880859375,0.25786541359520565,2021-05-01,Ocotillo Wells District
267,708.490966796875,0.3680916870213681,2021-05-01,Orange Coast District
268,2918.46337890625,0.5630939245806815,2021-05-01,San Diego Coast District
269,2053.9736328125,0.31590947886784126,2021-05-01,San Luis Obispo Coast District
270,5992.923828125,0.8588077073452793,2021-05-01,Santa Cruz District
271,105188.234375,1.0520438944729824,2021-05-01,Sierra District
272,2833.964111328125,0.3869219657273426,2021-05-01,Sonoma-Mendocino Coast District
273,2651.96630859375,0.3770508448306135,2021-06-01,Angeles District
274,12817.837890625,0.9493917865257969,2021-06-01,Bay Area District
275,20299.2421875,1.375396917727322,2021-06-01,Capital District
276,36549.0390625,0.5697473780922481,2021-06-01,Central Valley District
277,2359.470458984375,0.3437998897687535,2021-06-01,Channel Coast District
278,6915.912109375,0.5165899421240029,2021-06-01,Colorado Desert District
279,53429.33203125,1.1235605029434526,2021-06-01,Diablo Range District
280,5745.92724609375,0.6641254455581316,2021-06-01,Gold Fields District
281,13591.3251953125,0.2790763243219606,2021-06-01,Great Basin District
282,11966.349609375,0.3019328069961579,2021-06-01,Inland Empire District
283,1124.4857177734375,0.30183498346087706,2021-06-01,Monterey District
284,4380.943359375,0.28708077306712365,2021-06-01,North Coast Redwoods District
285,108145.6796875,0.7812009439817558,2021-06-01,Northern Buttes District
286,474.49395751953125,0.26004479831640603,2021-06-01,Oceano Dunes District
287,88678.375,1.2282075305309137,2021-06-01,Ocotillo Wells District
288,701.9911499023438,0.3664047273673176,2021-06-01,Orange Coast District
289,2541.4677734375,0.5257262708860229,2021-06-01,San Diego Coast District
290,1644.47900390625,0.28273664535926096,2021-06-01,San Luis Obispo Coast District
291,5589.92919921875,0.8299343866226919,2021-06-01,Santa Cruz District
292,99721.796875,1.025078958511371,2021-06-01,Sierra District
293,2560.967529296875,0.36787721596216727,2021-06-01,Sonoma-Mendocino Coast District
294,2723.46533203125,0.38208238261382216,2021-07-01,Angeles District
295,12655.337890625,0.9434879556881581,2021-07-01,Bay Area District
296,2762.465087890625,0.5180758231913039,2021-07-01,Capital District
297,33780.06640625,0.5479021363731328,2021-07-01,Central Valley District
298,2073.4736328125,0.32234564078447553,2021-07-01,Channel Coast District
299,6870.41259765625,0.5148986644795422,2021-07-01,Colorado Desert District
300,53143.3203125,1.1206447701860933,2021-07-01,Diablo Range District
301,3061.46044921875,0.4859745906863192,2021-07-01,Gold Fields District
302,12538.337890625,0.26806691569455104,2021-07-01,Great Basin District
303,11680.353515625,0.2983106068700695,2021-07-01,Inland Empire District
304,760.4903564453125,0.2483085247532836,2021-07-01,Monterey District
305,4465.44287109375,0.28983065944716885,2021-07-01,North Coast Redwoods District
306,63614.734375,0.6009844288494371,2021-07-01,Northern Buttes District
307,409.4947814941406,0.2416043642583137,2021-07-01,Oceano Dunes District
308,88307.890625,1.2257377287335607,2021-07-01,Ocotillo Wells District
309,753.9904174804688,0.37968788427861516,2021-07-01,Orange Coast District
310,2586.96728515625,0.530379909814938,2021-07-01,San Diego Coast District
311,1416.98193359375,0.2624865986198514,2021-07-01,San Luis Obispo Coast District
312,5498.9296875,0.823264326616168,2021-07-01,Santa Cruz District
313,88210.4453125,0.9655567012910599,2021-07-01,Sierra District
314,2261.97119140625,0.3458009011197525,2021-07-01,Sonoma-Mendocino Coast District
315,2846.9638671875,0.3906184862301388,2021-08-01,Angeles District
316,14676.8134765625,1.014263217889704,2021-08-01,Bay Area District
317,30907.10546875,1.6751347440055941,2021-08-01,Capital District
318,36997.53125,0.5732049660609265,2021-08-01,Central Valley District
319,2099.47314453125,0.3243552944212278,2021-08-01,Channel Coast District
320,6876.91259765625,0.5151406243153268,2021-08-01,Colorado Desert District
321,67319.65625,1.2559554896960714,2021-08-01,Diablo Range District
322,8495.3916015625,0.8054729201639438,2021-08-01,Gold Fields District
323,13032.3330078125,0.273287451360842,2021-08-01,Great Basin District
324,11881.8486328125,0.30086718936464074,2021-08-01,Inland Empire District
325,1234.9842529296875,0.3162839148362256,2021-08-01,Monterey District
326,11615.353515625,0.4666949093198238,2021-08-01,North Coast Redwoods District
327,200230.1875,1.0562199676496988,2021-08-01,Northern Buttes District
328,461.4941101074219,0.25646344279717986,2021-08-01,Oceano Dunes District
329,88080.3828125,1.2242183042285912,2021-08-01,Ocotillo Wells District
330,799.4898071289062,0.3909356489194094,2021-08-01,Orange Coast District
331,3106.96044921875,0.5808509790036643,2021-08-01,San Diego Coast District
332,1514.480712890625,0.2713516092681339,2021-08-01,San Luis Obispo Coast District
333,6148.921875,0.8697085462814492,2021-08-01,Santa Cruz District
334,90686.9296875,0.9786991981667068,2021-08-01,Sierra District
335,2658.466064453125,0.3747915409300723,2021-08-01,Sonoma-Mendocino Coast District
336,3028.961669921875,0.4028637499585516,2021-09-01,Angeles District
337,13519.8271484375,0.9744473195460366,2021-09-01,Bay Area District
338,3197.959228515625,0.5571357365675689,2021-09-01,Capital District
339,33591.57421875,0.5463823000916367,2021-09-01,Central Valley District
340,1975.9747314453125,0.31469401735676283,2021-09-01,Channel Coast District
341,6870.412109375,0.5148986644795422,2021-09-01,Colorado Desert District
342,55151.8046875,1.140942272901033,2021-09-01,Diablo Range District
343,3022.46142578125,0.48288667716151495,2021-09-01,Gold Fields District
344,11017.3623046875,0.25130834292409415,2021-09-01,Great Basin District
345,11907.8486328125,0.3011954767471057,2021-09-01,Inland Empire District
346,1384.4822998046875,0.33483246629649327,2021-09-01,Monterey District
347,8755.388671875,0.405445906483536,2021-09-01,North Coast Redwoods District
348,61820.74609375,0.5925224032159725,2021-09-01,Northern Buttes District
349,357.4954528808594,0.22576366404237616,2021-09-01,Oceano Dunes District
350,88509.3828125,1.2270816733712921,2021-09-01,Ocotillo Wells District
351,974.9876098632812,0.43154351274660724,2021-09-01,Orange Coast District
352,3308.457763671875,0.5992324791197036,2021-09-01,San Diego Coast District
353,1345.48291015625,0.255789072668867,2021-09-01,San Luis Obispo Coast District
354,6168.421875,0.8710608293825733,2021-09-01,Santa Cruz District
355,85707.9921875,0.9520738509347774,2021-09-01,Sierra District
356,2326.970458984375,0.3507197716854024,2021-09-01,Sonoma-Mendocino Coast District
357,3067.960693359375,0.40543889347152257,2021-10-01,Angeles District
358,13851.3232421875,0.9860365677441371,2021-10-01,Bay Area District
359,8950.384765625,0.925791204689367,2021-10-01,Capital District
360,41521.48046875,0.6069460418700806,2021-10-01,Central Valley District
361,2268.471435546875,0.3371232420192445,2021-10-01,Channel Coast District
362,6837.91259765625,0.513687111727175,2021-10-01,Colorado Desert District
363,59337.75390625,1.181971306776896,2021-10-01,Diablo Range District
364,3698.452880859375,0.5338308456639599,2021-10-01,Gold Fields District
365,16275.7939453125,0.3053400472513897,2021-10-01,Great Basin District
366,12089.84765625,0.3034834592226191,2021-10-01,Inland Empire District
367,1572.9801025390625,0.35683426932455065,2021-10-01,Monterey District
368,6974.41162109375,0.3620113021953807,2021-10-01,North Coast Redwoods District
369,91960.8828125,0.7211783493646765,2021-10-01,Northern Buttes District
370,383.4950866699219,0.23381889666099426,2021-10-01,Oceano Dunes District
371,89477.875,1.2335174531390045,2021-10-01,Ocotillo Wells District
372,968.4876708984375,0.43010900469256613,2021-10-01,Orange Coast District
373,3360.457275390625,0.6038821773504063,2021-10-01,San Diego Coast District
374,1527.4805908203125,0.2725116744711874,2021-10-01,San Luis Obispo Coast District
375,6889.912109375,0.9195905555267229,2021-10-01,Santa Cruz District
376,96679.84375,1.0097262313819457,2021-10-01,Sierra District
377,2632.46630859375,0.3729604205786778,2021-10-01,Sonoma-Mendocino Coast District
378,3184.959228515625,0.4130664986866827,2021-11-01,Angeles District
379,15092.80859375,1.0281633505806487,2021-11-01,Bay Area District
380,14169.8193359375,1.157654429635784,2021-11-01,Capital District
381,52038.34765625,0.6787139143856233,2021-11-01,Central Valley District
382,2391.9697265625,0.34615285247297595,2021-11-01,Channel Coast District
383,6876.9130859375,0.5151406243153267,2021-11-01,Colorado Desert District
384,66786.6484375,1.2511738183185228,2021-11-01,Diablo Range District
385,5986.423828125,0.6777302397048732,2021-11-01,Gold Fields District
386,17328.783203125,0.31503988271683814,2021-11-01,Great Basin District
387,12577.3408203125,0.3095279460622379,2021-11-01,Inland Empire District
388,1663.978759765625,0.36697861909682855,2021-11-01,Monterey District
389,9886.373046875,0.43072859362790933,2021-11-01,North Coast Redwoods District
390,136985.8125,0.8774709116224851,2021-11-01,Northern Buttes District
391,435.4944763183594,0.24914535753358205,2021-11-01,Oceano Dunes District
392,90348.859375,1.2392720165182105,2021-11-01,Ocotillo Wells District
393,948.9879760742188,0.42577596430637954,2021-11-01,Orange Coast District
394,3483.95556640625,0.6147792867760994,2021-11-01,San Diego Coast District
395,1494.98095703125,0.2696020863531155,2021-11-01,San Luis Obispo Coast District
396,7279.9072265625,0.9447002649039172,2021-11-01,Santa Cruz District
397,101366.3046875,1.0332733084017598,2021-11-01,Sierra District
398,3724.453125,0.44331640921269616,2021-11-01,Sonoma-Mendocino Coast District
399,3958.44970703125,0.4602732763072365,2022-01-01,Angeles District
400,17328.779296875,1.0995411842531795,2022-01-01,Bay Area District
401,32863.58203125,1.7231233252212401,2022-01-01,Capital District
402,52948.328125,0.6845557585170785,2022-01-01,Central Valley District
403,2541.4677734375,0.3567743883014078,2022-01-01,Channel Coast District
404,7136.90869140625,0.5247251805062375,2022-01-01,Colorado Desert District
405,74931.046875,1.3220251421888625,2022-01-01,Diablo Range District
406,9333.880859375,0.843626999301213,2022-01-01,Gold Fields District
407,20858.2421875,0.34555398717831753,2022-01-01,Great Basin District
408,13773.326171875,0.32387529095325934,2022-01-01,Inland Empire District
409,1767.9775390625,0.3782349772728279,2022-01-01,Monterey District
410,12629.337890625,0.4865286502108744,2022-01-01,North Coast Redwoods District
411,206736.53125,1.0727569654903555,2022-01-01,Northern Buttes District
412,493.9937438964844,0.2653256319077483,2022-01-01,Oceano Dunes District
413,91031.34375,1.2437594358213928,2022-01-01,Ocotillo Wells District
414,1124.485595703125,0.46329102813913,2022-01-01,Orange Coast District
415,4036.44873046875,0.6612546056838999,2022-01-01,San Diego Coast District
416,2216.471923828125,0.32813724550512163,2022-01-01,San Luis Obispo Coast District
417,8131.396484375,0.9971316568180346,2022-01-01,Santa Cruz District
418,102971.75,1.0412041796755962,2022-01-01,Sierra District
419,4517.44384765625,0.48799087290436904,2022-01-01,Sonoma-Mendocino Coast District
420,3652.953369140625,0.4422421592330199,2022-02-01,Angeles District
421,15911.796875,1.0549355295103615,2022-02-01,Bay Area District
422,23029.205078125,1.4601018166516524,2022-02-01,Capital District
423,49691.87890625,0.6634020813018798,2022-02-01,Central Valley District
424,2359.470458984375,0.3437998897687535,2022-02-01,Channel Coast District
425,6974.41162109375,0.5187561305069766,2022-02-01,Colorado Desert District
426,69061.6171875,1.2714360440463306,2022-02-01,Diablo Range District
427,7260.40771484375,0.7454858382285777,2022-02-01,Gold Fields District
428,12421.3447265625,0.266815407896466,2022-02-01,Great Basin District
429,13344.3369140625,0.31880394575495924,2022-02-01,Inland Empire District
430,1605.4794921875,0.3604904347373712,2022-02-01,Monterey District
431,8826.88671875,0.4070915174381916,2022-02-01,North Coast Redwoods District
432,133391.375,0.8660970462217221,2022-02-01,Northern Buttes District
433,415.99468994140625,0.2435116322590736,2022-02-01,Oceano Dunes District
434,90270.8671875,1.2387579566820524,2022-02-01,Ocotillo Wells District
435,1130.985595703125,0.46462119774765753,2022-02-01,Orange Coast District
436,3613.953857421875,0.6260375807833296,2022-02-01,San Diego Coast District
437,2242.4716796875,0.3300512342353086,2022-02-01,San Luis Obispo Coast District
438,7650.40185546875,0.967897257959867,2022-02-01,Santa Cruz District
439,83016.9921875,0.9373384051932577,2022-02-01,Sierra District
440,3711.453369140625,0.4425456832428996,2022-02-01,Sonoma-Mendocino Coast District
441,3418.956298828125,0.4279074428603784,2022-03-01,Angeles District
442,14871.810546875,1.02080505434116,2022-03-01,Bay Area District
443,6428.41845703125,0.7869274849717645,2022-03-01,Capital District
444,42951.453125,0.617214708490585,2022-03-01,Central Valley District
445,2313.970947265625,0.34047811371308695,2022-03-01,Channel Coast District
446,6896.412109375,0.5158658053549807,2022-03-01,Colorado Desert District
447,61001.73046875,1.1978335482421254,2022-03-01,Diablo Range District
448,4770.93896484375,0.6057097588907433,2022-03-01,Gold Fields District
449,11283.8564453125,0.2543249924131536,2022-03-01,Great Basin District
450,12824.341796875,0.31254547035936314,2022-03-01,Inland Empire District
451,1299.9835205078125,0.3244801332837279,2022-03-01,Monterey District
452,7078.40869140625,0.36469188664257873,2022-03-01,North Coast Redwoods District
453,84791.46875,0.6928365478859396,2022-03-01,Northern Buttes District
454,422.4946594238281,0.24540399448608924,2022-03-01,Oceano Dunes District
455,89100.875,1.2310169188117457,2022-03-01,Ocotillo Wells District
456,1007.4872436523438,0.43864443060731456,2022-03-01,Orange Coast District
457,3509.955078125,0.6170480002863422,2022-03-01,San Diego Coast District
458,2060.473876953125,0.3164077525744262,2022-03-01,San Luis Obispo Coast District
459,6902.91162109375,0.9204395712371468,2022-03-01,Santa Cruz District
460,88691.421875,0.9681246451702075,2022-03-01,Sierra District
461,3334.457763671875,0.4195675752186409,2022-03-01,Sonoma-Mendocino Coast District
462,3165.4599609375,0.4118052005562468,2022-04-01,Angeles District
463,14845.810546875,1.0199354972640322,2022-04-01,Bay Area District
464,5186.93359375,0.7078976557439232,2022-04-01,Capital District
465,37114.546875,0.574103411592394,2022-04-01,Central Valley District
466,2040.9737548828125,0.31981563823432896,2022-04-01,Channel Coast District
467,6837.9130859375,0.513687111727175,2022-04-01,Colorado Desert District
468,59922.7421875,1.1875757642906768,2022-04-01,Diablo Range District
469,5199.93408203125,0.6321045237642946,2022-04-01,Gold Fields District
470,10854.861328125,0.24945091011817194,2022-04-01,Great Basin District
471,12395.3447265625,0.3072853712839316,2022-04-01,Inland Empire District
472,1273.9837646484375,0.3212269887025893,2022-04-01,Monterey District
473,6818.41259765625,0.3579523123856988,2022-04-01,North Coast Redwoods District
474,92526.3671875,0.7233642380351077,2022-04-01,Northern Buttes District
475,337.9956970214844,0.21952738046647108,2022-04-01,Oceano Dunes District
476,88385.8828125,1.2262581691085488,2022-04-01,Ocotillo Wells District
477,818.9895629882812,0.3956568530681658,2022-04-01,Orange Coast District
478,3113.460205078125,0.581453310016578,2022-04-01,San Diego Coast District
479,2099.473388671875,0.3193809145329351,2022-04-01,San Luis Obispo Coast District
480,6688.41455078125,0.9063202551087918,2022-04-01,Santa Cruz District
481,91915.421875,0.98514725438696,2022-04-01,Sierra District
482,3457.956298828125,0.4272334580286514,2022-04-01,Sonoma-Mendocino Coast District
483,2788.46435546875,0.3865989006311528,2022-05-01,Angeles District
484,13422.3291015625,0.9710097591381409,2022-05-01,Bay Area District
485,17965.771484375,1.2975921129956558,2022-05-01,Capital District
486,37231.54296875,0.5750004081483384,2022-05-01,Central Valley District
487,2144.97265625,0.3278422505516489,2022-05-01,Channel Coast District
488,6766.41357421875,0.5110113250121354,2022-05-01,Colorado Desert District
489,54846.3046875,1.137881514164918,2022-05-01,Diablo Range District
490,9281.880859375,0.841314644658994,2022-05-01,Gold Fields District
491,11049.8583984375,0.25167817468405773,2022-05-01,Great Basin District
492,12174.3466796875,0.3045398427601403,2022-05-01,Inland Empire District
493,1189.48486328125,0.3104165601244555,2022-05-01,Monterey District
494,5238.9326171875,0.3138761955616996,2022-05-01,North Coast Redwoods District
495,138909.75,0.8834940862566875,2022-05-01,Northern Buttes District
496,344.4956359863281,0.2216257324172691,2022-05-01,Oceano Dunes District
497,88210.3828125,1.2250868157670842,2022-05-01,Ocotillo Wells District
498,513.4934692382812,0.3135083598217788,2022-05-01,Orange Coast District
499,2385.4697265625,0.5094395640065822,2022-05-01,San Diego Coast District
500,2060.473876953125,0.3164077525744262,2022-05-01,San Luis Obispo Coast District
501,6025.42333984375,0.8610909615542971,2022-05-01,Santa Cruz District
502,93507.8984375,0.9934373006310472,2022-05-01,Sierra District
503,2996.462158203125,0.39781958791650485,2022-05-01,Sonoma-Mendocino Coast District
504,2788.464599609375,0.3865989006311529,2022-06-01,Angeles District
505,13428.8291015625,0.971239345598874,2022-06-01,Bay Area District
506,9392.380859375,0.9478793106009056,2022-06-01,Capital District
507,37342.03515625,0.5758462472010463,2022-06-01,Central Valley District
508,1598.9794921875,0.28315014983265807,2022-06-01,Channel Coast District
509,6785.91357421875,0.5117425079366239,2022-06-01,Colorado Desert District
510,54189.81640625,1.1312721941626993,2022-06-01,Diablo Range District
511,7767.4013671875,0.7707113929941407,2022-06-01,Gold Fields District
512,9769.375,0.23666739032445921,2022-06-01,Great Basin District
513,10822.3623046875,0.2871676490422016,2022-06-01,Inland Empire District
514,1046.4866943359375,0.2912004748498374,2022-06-01,Monterey District
515,4738.439453125,0.2985404744033291,2022-06-01,North Coast Redwoods District
516,87826.953125,0.7049822104536116,2022-06-01,Northern Buttes District
517,298.9961853027344,0.20648788826587886,2022-06-01,Oceano Dunes District
518,87690.390625,1.2216084516458774,2022-06-01,Ocotillo Wells District
519,552.4929809570312,0.32516702147472953,2022-06-01,Orange Coast District
520,2437.46923828125,0.5149271963348752,2022-06-01,San Diego Coast District
521,1858.9761962890625,0.30057375356582083,2022-06-01,San Luis Obispo Coast District
522,5992.923828125,0.8588077073452793,2022-06-01,Santa Cruz District
523,92968.4140625,0.9906373996992335,2022-06-01,Sierra District
524,2866.46337890625,0.3891262674454181,2022-06-01,Sonoma-Mendocino Coast District
525,2931.463134765625,0.39635155020851504,2022-07-01,Angeles District
526,13201.3310546875,0.9631680659842008,2022-07-01,Bay Area District
527,2768.965087890625,0.518681039341326,2022-07-01,Capital District
528,35853.55078125,0.5643423801851858,2022-07-01,Central Valley District
529,2040.973876953125,0.3198156382343289,2022-07-01,Channel Coast District
530,6714.41455078125,0.5090562390772048,2022-07-01,Colorado Desert District
531,53721.8125,1.126533640105521,2022-07-01,Diablo Range District
532,4848.9384765625,0.6105968738899231,2022-07-01,Gold Fields District
533,8202.8955078125,0.21688768228551322,2022-07-01,Great Basin District
534,10835.3642578125,0.28733973216979575,2022-07-01,Inland Empire District
535,1202.484619140625,0.31210430835130687,2022-07-01,Monterey District
536,4738.4404296875,0.2985404744033292,2022-07-01,North Coast Redwoods District
537,59870.78125,0.583180443015895,2022-07-01,Northern Buttes District
538,272.9965515136719,0.19731468377502878,2022-07-01,Oceano Dunes District
539,87098.8984375,1.2176377385834585,2022-07-01,Ocotillo Wells District
540,760.4903564453125,0.38131531091799997,2022-07-01,Orange Coast District
541,2450.468994140625,0.5162897586425503,2022-07-01,San Diego Coast District
542,1845.9765625,0.29952320169857605,2022-07-01,San Luis Obispo Coast District
543,5843.42626953125,0.8482196205976811,2022-07-01,Santa Cruz District
544,90602.4140625,0.9782539619010844,2022-07-01,Sierra District
545,2703.965576171875,0.3779743700925069,2022-07-01,Sonoma-Mendocino Coast District
546,2937.962646484375,0.39678907306631994,2022-08-01,Angeles District
547,13792.8232421875,0.9840023172200558,2022-08-01,Bay Area District
548,2729.96533203125,0.5150387963342808,2022-08-01,Capital District
549,34365.06640625,0.5525914773203652,2022-08-01,Central Valley District
550,2014.97412109375,0.3177769907780007,2022-08-01,Channel Coast District
551,6577.91650390625,0.5038871369531989,2022-08-01,Colorado Desert District
552,54462.8125,1.134025952254306,2022-08-01,Diablo Range District
553,4439.44384765625,0.5844672746976571,2022-08-01,Gold Fields District
554,9892.875,0.2381565930707748,2022-08-01,Great Basin District
555,11797.3515625,0.2997977512083176,2022-08-01,Inland Empire District
556,1390.9822998046875,0.33561543584166575,2022-08-01,Monterey District
557,5453.43115234375,0.3202218848967419,2022-08-01,North Coast Redwoods District
558,55424.82421875,0.5612800297377823,2022-08-01,Northern Buttes District
559,246.99684143066406,0.18769195194507013,2022-08-01,Oceano Dunes District
560,86988.3984375,1.2168942852976488,2022-08-01,Ocotillo Wells District
561,779.9901123046875,0.38615586911194544,2022-08-01,Orange Coast District
562,2827.4638671875,0.554311494730196,2022-08-01,San Diego Coast District
563,1800.4771728515625,0.29581663830638427,2022-08-01,San Luis Obispo Coast District
564,6252.9208984375,0.8768947633862824,2022-08-01,Santa Cruz District
565,89029.4296875,0.9699246839937011,2022-08-01,Sierra District
566,2749.464599609375,0.38113025896926195,2022-08-01,Sonoma-Mendocino Coast District
567,3243.458984375,0.4168271191411314,2022-09-01,Angeles District
568,13922.822265625,0.9885166138707666,2022-09-01,Bay Area District
569,3165.459716796875,0.5543185354028153,2022-09-01,Capital District
570,34274.07421875,0.5518647186083393,2022-09-01,Central Valley District
571,2268.471435546875,0.3371232420192445,2022-09-01,Channel Coast District
572,6642.91552734375,0.5063553591130386,2022-09-01,Colorado Desert District
573,55184.30078125,1.14126733475425,2022-09-01,Diablo Range District
574,4127.4482421875,0.5637182569543328,2022-09-01,Gold Fields District
575,9444.3798828125,0.23270265641511959,2022-09-01,Great Basin District
576,11907.8525390625,0.3011954767471057,2022-09-01,Inland Empire District
577,1403.982177734375,0.33717586182620257,2022-09-01,Monterey District
578,5934.42431640625,0.3340094090802203,2022-09-01,North Coast Redwoods District
579,55151.84375,0.5599064604650983,2022-09-01,Northern Buttes District
580,285.9963684082031,0.20195357813616266,2022-09-01,Oceano Dunes District
581,87508.3984375,1.2203882953510303,2022-09-01,Ocotillo Wells District
582,916.4884033203125,0.4184527761391086,2022-09-01,Orange Coast District
583,3074.4609375,0.5778295948508269,2022-09-01,San Diego Coast District
584,1871.97607421875,0.301620614901071,2022-09-01,San Luis Obispo Coast District
585,6278.919921875,0.8786814199402652,2022-09-01,Santa Cruz District
586,88255.9453125,0.9657999356816014,2022-09-01,Sierra District
587,2976.962158203125,0.39652792082477933,2022-09-01,Sonoma-Mendocino Coast District
588,3217.459228515625,0.41516000749511106,2022-10-01,Angeles District
589,13851.3251953125,0.9860365677441375,2022-10-01,Bay Area District
590,5251.93310546875,0.7122650612426638,2022-10-01,Capital District
591,37842.52734375,0.5796614447663703,2022-10-01,Central Valley District
592,2164.47265625,0.3293252433684001,2022-10-01,Channel Coast District
593,6610.416015625,0.5051227929391684,2022-10-01,Colorado Desert District
594,61138.21484375,1.1991239939883422,2022-10-01,Diablo Range District
595,4120.94775390625,0.5632775965477369,2022-10-01,Gold Fields District
596,12310.84375,0.2656279772395638,2022-10-01,Great Basin District
597,12310.8466796875,0.30623854285071056,2022-10-01,Inland Empire District
598,1111.48583984375,0.30008895732650204,2022-10-01,Monterey District
599,6473.91650390625,0.3488193520428584,2022-10-01,North Coast Redwoods District
600,64336.21875,0.6043530626533207,2022-10-01,Northern Buttes District
601,279.4964599609375,0.19964765576861018,2022-10-01,Oceano Dunes District
602,88996.875,1.2303260717153708,2022-10-01,Ocotillo Wells District
603,987.9874877929688,0.43439806340677817,2022-10-01,Orange Coast District
604,3217.45947265625,0.5910043677904212,2022-10-01,San Diego Coast District
605,1839.4765625,0.2989965296642087,2022-10-01,San Luis Obispo Coast District
606,5999.42333984375,0.8592648800970328,2022-10-01,Santa Cruz District
607,87397.96875,0.9612018633490219,2022-10-01,Sierra District
608,2918.462890625,0.3926270378353511,2022-10-01,Sonoma-Mendocino Coast District
609,3542.455322265625,0.43553285750217274,2022-11-01,Angeles District
610,14494.814453125,1.0081150419322067,2022-11-01,Bay Area District
611,12284.84375,1.0803360924213659,2022-11-01,Capital District
612,45700.9140625,0.6364761156185996,2022-11-01,Central Valley District
613,2222.971923828125,0.3337342766046663,2022-11-01,Channel Coast District
614,6597.41552734375,0.5046289025920233,2022-11-01,Colorado Desert District
615,64726.17578125,1.2324836143643867,2022-11-01,Diablo Range District
616,5544.4296875,0.6524987577728923,2022-11-01,Gold Fields District
617,14000.8251953125,0.28324139306424484,2022-11-01,Great Basin District
618,13123.341796875,0.31615937588660525,2022-11-01,Inland Empire District
619,1644.4791259765625,0.3648288746248432,2022-11-01,Monterey District
620,9827.8740234375,0.42945798689527637,2022-11-01,North Coast Redwoods District
621,106156.71875,0.7740897094492477,2022-11-01,Northern Buttes District
622,318.4959411621094,0.21310781959849603,2022-11-01,Oceano Dunes District
623,89510.3671875,1.2337327393177164,2022-11-01,Ocotillo Wells District
624,1059.4864501953125,0.44976851972713644,2022-11-01,Orange Coast District
625,3522.955078125,0.6181791184207186,2022-11-01,San Diego Coast District
626,1832.976806640625,0.2984689203294998,2022-11-01,San Luis Obispo Coast District
627,6805.4130859375,0.9140510567136919,2022-11-01,Santa Cruz District
628,71544.609375,0.8714689140741353,2022-11-01,Sierra District
629,3275.9580078125,0.41588620019905,2022-11-01,Sonoma-Mendocino Coast District
630,3919.4501953125,0.4580117359257592,2022-12-01,Angeles District
631,15326.8046875,1.035891232981349,2022-12-01,Bay Area District
632,10581.865234375,1.004695253813988,2022-12-01,Capital District
633,52155.33984375,0.679467951801897,2022-12-01,Central Valley District
634,1163.4849853515625,0.24159524771038174,2022-12-01,Channel Coast District
635,6590.916015625,0.5043817715771208,2022-12-01,Colorado Desert District
636,53507.31640625,1.1243542129000623,2022-12-01,Diablo Range District
637,3854.451171875,0.5448942707530593,2022-12-01,Gold Fields District
638,9015.3896484375,0.22736281551599843,2022-12-01,Great Basin District
639,13448.3310546875,0.3200408149782864,2022-12-01,Inland Empire District
640,1800.477294921875,0.3816836098891317,2022-12-01,Monterey District
641,13266.33203125,0.498576095447475,2022-12-01,North Coast Redwoods District
642,96881.328125,0.7399705442794602,2022-12-01,Northern Buttes District
643,32.49958419799805,0.06810771333808241,2022-12-01,Oceano Dunes District
644,89334.8671875,1.2325696720311738,2022-12-01,Ocotillo Wells District
645,1169.985107421875,0.47252195215717946,2022-12-01,Orange Coast District
646,3529.455078125,0.6187438730168513,2022-12-01,San Diego Coast District
647,1865.4761962890625,0.3010976431408953,2022-12-01,San Luis Obispo Coast District
648,8001.3984375,0.9893242298427265,2022-12-01,Santa Cruz District
649,72370.0625,0.8763877263500401,2022-12-01,Sierra District
650,4413.44384765625,0.4823726564480158,2022-12-01,Sonoma-Mendocino Coast District
651,4829.43896484375,0.5081119028412536,2023-01-01,Angeles District
652,18446.763671875,1.1333435636804572,2023-01-01,Bay Area District
653,38434.01171875,1.8503986458067032,2023-01-01,Capital District
654,69263.1328125,0.7815798011364951,2023-01-01,Central Valley District
655,3275.95849609375,0.4048836656253119,2023-01-01,Channel Coast District
656,7195.408203125,0.526857045836819,2023-01-01,Colorado Desert District
657,73592.0625,1.3106888115519406,2023-01-01,Diablo Range District
658,4309.44482421875,0.5759156316443778,2023-01-01,Gold Fields District
659,26896.6640625,0.3922360774209325,2023-01-01,Great Basin District
660,14748.3193359375,0.3351129628754222,2023-01-01,Inland Empire District
661,1754.9776611328125,0.37684656523249926,2023-01-01,Monterey District
662,11615.349609375,0.4666949093198239,2023-01-01,North Coast Redwoods District
663,184370.34375,1.0146458757422534,2023-01-01,Northern Buttes District
664,1247.984130859375,0.4211804573196254,2023-01-01,Oceano Dunes District
665,89503.875,1.233689685593407,2023-01-01,Ocotillo Wells District
666,1312.9832763671875,0.5004026643027172,2023-01-01,Orange Coast District
667,3659.45361328125,0.6299286514591673,2023-01-01,San Diego Coast District
668,3880.45068359375,0.4337580072718111,2023-01-01,San Luis Obispo Coast District
669,8176.89599609375,0.9998483695495674,2023-01-01,Santa Cruz District
670,60163.24609375,0.8003362186961333,2023-01-01,Sierra District
671,5167.43408203125,0.5217046015172006,2023-01-01,Sonoma-Mendocino Coast District
672,7806.400390625,0.6447728860327735,2023-02-01,Angeles District
673,27306.15234375,1.3681247857987553,2023-02-01,Bay Area District
674,55528.7890625,2.175329608208556,2023-02-01,Capital District
675,121249.4453125,1.0283034663235024,2023-02-01,Central Valley District
676,4231.44677734375,0.459893921471915,2023-02-01,Channel Coast District
677,7052.41015625,0.5216300244578268,2023-02-01,Colorado Desert District
678,123595.921875,1.6727930178380648,2023-02-01,Diablo Range District
679,10744.3642578125,0.9039339638950594,2023-02-01,Gold Fields District
680,99858.25,0.7520015043343119,2023-02-01,Great Basin District
681,18817.263671875,0.3783886571223907,2023-02-01,Inland Empire District
682,376.9952087402344,0.17489319385415664,2023-02-01,Monterey District
683,11777.8515625,0.4699309607770134,2023-02-01,North Coast Redwoods District
684,286484.21875,1.255782340894039,2023-02-01,Northern Buttes District
685,1494.98095703125,0.46078619309259633,2023-02-01,Oceano Dunes District
686,89295.8828125,1.2323110384900353,2023-02-01,Ocotillo Wells District
687,2125.472900390625,0.6354923297115991,2023-02-01,Orange Coast District
688,3412.45654296875,0.6084950864516054,2023-02-01,San Diego Coast District
689,6317.91943359375,0.5526875888603082,2023-02-01,San Luis Obispo Coast District
690,9314.380859375,1.0652827151552031,2023-02-01,Santa Cruz District
691,34157.08203125,0.6050763190763859,2023-02-01,Sierra District
692,6668.9150390625,0.5921102718369355,2023-02-01,Sonoma-Mendocino Coast District
693,4556.44189453125,0.4936281274196154,2023-03-01,Angeles District
694,19064.2578125,1.1515312975066472,2023-03-01,Bay Area District
695,53260.32421875,2.1368408322177412,2023-03-01,Capital District
696,76582.03125,0.8211901694965159,2023-03-01,Central Valley District
697,3269.458740234375,0.40448336506205157,2023-03-01,Channel Coast District
698,7689.4013671875,0.5445177937617512,2023-03-01,Colorado Desert District
699,80111.4921875,1.3648241183526182,2023-03-01,Diablo Range District
700,10243.869140625,0.883043037007499,2023-03-01,Gold Fields District
701,40975.48828125,0.48366320247542555,2023-03-01,Great Basin District
702,14891.318359375,0.33672929246778444,2023-03-01,Inland Empire District
703,2164.472412109375,0.41834372756517146,2023-03-01,Monterey District
704,6259.419921875,0.3430085019729723,2023-03-01,North Coast Redwoods District
705,215303.484375,1.094104007594074,2023-03-01,Northern Buttes District
706,1598.9796142578125,0.4764599396115559,2023-03-01,Oceano Dunes District
707,87573.390625,1.2208242284556947,2023-03-01,Ocotillo Wells District
708,1104.9859619140625,0.45927692421783595,2023-03-01,Orange Coast District
709,3516.455810546875,0.6176138280014276,2023-03-01,San Diego Coast District
710,4458.94384765625,0.46481152581921203,2023-03-01,San Luis Obispo Coast District
711,7630.90283203125,0.9666915566593005,2023-03-01,Santa Cruz District
712,80222.0078125,0.921761100423876,2023-03-01,Sierra District
713,4920.43798828125,0.5091629261079519,2023-03-01,Sonoma-Mendocino Coast District
714,4458.94287109375,0.4883487244157775,2023-04-01,Angeles District
715,17120.78125,1.0931216226300873,2023-04-01,Bay Area District
716,17328.77734375,1.2753606985259591,2023-04-01,Capital District
717,67072.6796875,0.7693027349435639,2023-04-01,Central Valley District
718,3379.957275390625,0.41123465017121336,2023-04-01,Channel Coast District
719,7871.3994140625,0.5508776946395797,2023-04-01,Colorado Desert District
720,69347.625,1.2739564481953003,2023-04-01,Diablo Range District
721,5602.92822265625,0.6558963884695016,2023-04-01,Gold Fields District
722,66858.15625,0.6167211555710193,2023-04-01,Great Basin District
723,15138.3134765625,0.33950281433996604,2023-04-01,Inland Empire District
724,1585.97998046875,0.35830126769024095,2023-04-01,Monterey District
725,7487.90576171875,0.37505814435779206,2023-04-01,North Coast Redwoods District
726,140710.203125,0.8890907519661606,2023-04-01,Northern Buttes District
727,1533.9805908203125,0.4667268448331394,2023-04-01,Oceano Dunes District
728,87384.8984375,1.2195595226547362,2023-04-01,Ocotillo Wells District
729,1033.48681640625,0.44424195869455624,2023-04-01,Orange Coast District
730,3691.953125,0.6326927684822902,2023-04-01,San Diego Coast District
731,4374.44384765625,0.4604088075617687,2023-04-01,San Luis Obispo Coast District
732,7305.90625,0.946348433812725,2023-04-01,Santa Cruz District
733,86903.9609375,0.9585435187887795,2023-04-01,Sierra District
734,3951.94970703125,0.45658958053582516,2023-04-01,Sonoma-Mendocino Coast District
735,3282.458251953125,0.4193151521142102,2023-05-01,Angeles District
736,16925.78515625,1.0870644330574193,2023-05-01,Bay Area District
737,34956.5546875,1.772481559181255,2023-05-01,Capital District
738,59721.234375,0.7264935585564252,2023-05-01,Central Valley District
739,2931.462890625,0.38308269770250053,2023-05-01,Channel Coast District
740,7760.90087890625,0.5470254024710302,2023-05-01,Colorado Desert District
741,65759.6640625,1.2418993679686023,2023-05-01,Diablo Range District
742,9626.3779296875,0.8565093034887762,2023-05-01,Gold Fields District
743,65207.1875,0.6091279178326447,2023-05-01,Great Basin District
744,12447.3466796875,0.3079277886355768,2023-05-01,Inland Empire District
745,662.9915771484375,0.2318673123963989,2023-05-01,Monterey District
746,2937.963134765625,0.2351708014191938,2023-05-01,North Coast Redwoods District
747,252197.0,1.1810861359451121,2023-05-01,Northern Buttes District
748,1475.4813232421875,0.45778635804661805,2023-05-01,Oceano Dunes District
749,86955.90625,1.2166755220022845,2023-05-01,Ocotillo Wells District
750,396.4949645996094,0.2755599565324529,2023-05-01,Orange Coast District
751,1488.4810791015625,0.4028882680047015,2023-05-01,San Diego Coast District
752,4322.44482421875,0.4576779565542906,2023-05-01,San Luis Obispo Coast District
753,6993.91064453125,0.9263589957644541,2023-05-01,Santa Cruz District
754,95873.875,1.0056148690346844,2023-05-01,Sierra District
755,3633.453857421875,0.43789230188940464,2023-05-01,Sonoma-Mendocino Coast District
756,3698.452880859375,0.44497486409581916,2023-06-01,Angeles District
757,15853.298828125,1.0530483874281913,2023-06-01,Bay Area District
758,37751.515625,1.835485028350647,2023-06-01,Capital District
759,56451.78125,0.7065753316590744,2023-06-01,Central Valley District
760,2456.96875,0.3508108961584189,2023-06-01,Channel Coast District
761,7578.9033203125,0.5406188569863386,2023-06-01,Colorado Desert District
762,64485.66796875,1.2302804397508542,2023-06-01,Diablo Range District
763,10074.8720703125,0.8758672331829377,2023-06-01,Gold Fields District
764,58694.2734375,0.5781658374476505,2023-06-01,Great Basin District
765,13155.837890625,0.316549682207205,2023-06-01,Inland Empire District
766,1104.98583984375,0.29921209044100044,2023-06-01,Monterey District
767,5056.93505859375,0.30838861027400627,2023-06-01,North Coast Redwoods District
768,213788.984375,1.090364427025715,2023-06-01,Northern Buttes District
769,1377.9825439453125,0.44247600766766776,2023-06-01,Oceano Dunes District
770,86656.90625,1.2146607496688857,2023-06-01,Ocotillo Wells District
771,766.9902954101562,0.3829357251484068,2023-06-01,Orange Coast District
772,2684.465576171875,0.540213358672997,2023-06-01,San Diego Coast District
773,3990.94921875,0.4398622979773349,2023-06-01,San Luis Obispo Coast District
774,7065.40966796875,0.9309812502299577,2023-06-01,Santa Cruz District
775,97453.328125,1.0136544647993746,2023-06-01,Sierra District
776,3386.45703125,0.4228125485192733,2023-06-01,Sonoma-Mendocino Coast District
777,3724.452880859375,0.4465287585816117,2023-07-01,Angeles District
778,15417.8037109375,1.0388792551363963,2023-07-01,Bay Area District
779,5914.9248046875,0.7552992985859188,2023-07-01,Capital District
780,49854.37890625,0.6644743353926994,2023-07-01,Central Valley District
781,3074.461181640625,0.3922814592115953,2023-07-01,Channel Coast District
782,7448.9052734375,0.5359945220025679,2023-07-01,Colorado Desert District
783,61528.2109375,1.202802152411613,2023-07-01,Diablo Range District
784,5615.9287109375,0.6566489292877841,2023-07-01,Gold Fields District
785,67638.15625,0.6202749890674941,2023-07-01,Great Basin District
786,13844.8291015625,0.3247127388345955,2023-07-01,Inland Empire District
787,1208.9847412109375,0.31294473754953644,2023-07-01,Monterey District
788,4172.947265625,0.2801959553254563,2023-07-01,North Coast Redwoods District
789,99318.78125,0.7490958732261993,2023-07-01,Northern Buttes District
790,1345.48291015625,0.43725111280508683,2023-07-01,Oceano Dunes District
791,86351.40625,1.2125981579025593,2023-07-01,Ocotillo Wells District
792,890.4887084960938,0.41249902302330366,2023-07-01,Orange Coast District
793,2768.964599609375,0.548589146428966,2023-07-01,San Diego Coast District
794,4062.448486328125,0.44376656791312863,2023-07-01,San Luis Obispo Coast District
795,6421.91796875,0.8884387553547556,2023-07-01,Santa Cruz District
796,97940.828125,1.0161216033917844,2023-07-01,Sierra District
797,3503.45556640625,0.4300226890497153,2023-07-01,Sonoma-Mendocino Coast District
798,3886.95068359375,0.4561183789112234,2023-08-01,Angeles District
799,15970.2958984375,1.0568189056776178,2023-08-01,Bay Area District
800,3847.951171875,0.6106747356677357,2023-08-01,Capital District
801,48183.89453125,0.653363976961128,2023-08-01,Central Valley District
802,3243.458984375,0.4028781227930364,2023-08-01,Channel Coast District
803,7305.9072265625,0.530859916690032,2023-08-01,Colorado Desert District
804,60280.23046875,1.1909857377534114,2023-08-01,Diablo Range District
805,5297.43310546875,0.637945318457034,2023-08-01,Gold Fields District
806,72818.609375,0.6433616875053872,2023-08-01,Great Basin District
807,14085.326171875,0.3275137363466936,2023-08-01,Inland Empire District
808,1481.981201171875,0.3463892325088132,2023-08-01,Monterey District
809,5368.93017578125,0.31773734242866913,2023-08-01,North Coast Redwoods District
810,85883.4765625,0.6972314133234301,2023-08-01,Northern Buttes District
811,1286.983642578125,0.42768247702674056,2023-08-01,Oceano Dunes District
812,86253.9140625,1.2119390252642515,2023-08-01,Ocotillo Wells District
813,1078.986328125,0.4538684291205182,2023-08-01,Orange Coast District
814,3152.4599609375,0.5850538436006767,2023-08-01,San Diego Coast District
815,4068.9482421875,0.4441197675565283,2023-08-01,San Luis Obispo Coast District
816,6460.9169921875,0.8910798241214043,2023-08-01,Santa Cruz District
817,97277.859375,1.01276466466956,2023-08-01,Sierra District
818,3490.45556640625,0.42922764814890474,2023-08-01,Sonoma-Mendocino Coast District
819,3256.45849609375,0.41765813800923307,2023-09-01,Angeles District
820,15957.2958984375,1.0564007020577564,2023-09-01,Bay Area District
821,3425.45654296875,0.576459169388224,2023-09-01,Capital District
822,49295.37890625,0.6607781610591414,2023-09-01,Central Valley District
823,3327.95751953125,0.4080717113588673,2023-09-01,Channel Coast District
824,7390.40625,0.5339001354163165,2023-09-01,Colorado Desert District
825,60390.734375,1.1920374509160867,2023-09-01,Diablo Range District
826,5076.435546875,0.6246246716926577,2023-09-01,Gold Fields District
827,74352.5859375,0.6500343944320248,2023-09-01,Great Basin District
828,13760.3310546875,0.32372279260569486,2023-09-01,Inland Empire District
829,1410.482177734375,0.3379533437211338,2023-09-01,Monterey District
830,5856.42626953125,0.3318129137371982,2023-09-01,North Coast Redwoods District
831,90465.9375,0.7153657229236385,2023-09-01,Northern Buttes District
832,1098.4859619140625,0.395249262860043,2023-09-01,Oceano Dunes District
833,86715.40625,1.2150552498991318,2023-09-01,Ocotillo Wells District
834,864.489013671875,0.40645662037004143,2023-09-01,Orange Coast District
835,3451.4560546875,0.6119311261491794,2023-09-01,San Diego Coast District
836,3977.949462890625,0.4391486312244916,2023-09-01,San Luis Obispo Coast District
837,6467.4169921875,0.8915191799491397,2023-09-01,Santa Cruz District
838,95815.3828125,1.005315739623781,2023-09-01,Sierra District
839,3191.459228515625,0.41050939989115515,2023-09-01,Sonoma-Mendocino Coast District
840,4016.948974609375,0.4636444825890692,2023-10-01,Angeles District
841,16340.7900390625,1.068660782770691,2023-10-01,Bay Area District
842,6337.41943359375,0.7814213937285522,2023-10-01,Capital District
843,57550.2734375,0.7133327526068273,2023-10-01,Central Valley District
844,3327.95849609375,0.40807171135886733,2023-10-01,Channel Coast District
845,7351.40625,0.5324991738876149,2023-10-01,Colorado Desert District
846,65863.65625,1.2428422454325136,2023-10-01,Diablo Range District
847,5609.4287109375,0.656272771330364,2023-10-01,Gold Fields District
848,67066.171875,0.6176709189342364,2023-10-01,Great Basin District
849,14104.8251953125,0.327739784417716,2023-10-01,Inland Empire District
850,1709.4783935546875,0.3719457532126664,2023-10-01,Monterey District
851,7936.3974609375,0.3860882576844155,2023-10-01,North Coast Redwoods District
852,107385.203125,0.7784900787021916,2023-10-01,Northern Buttes District
853,955.4878540039062,0.36871572735969793,2023-10-01,Oceano Dunes District
854,87781.390625,1.222217997936071,2023-10-01,Ocotillo Wells District
855,1143.9853515625,0.46726994106913733,2023-10-01,Orange Coast District
856,3613.95361328125,0.6260375807833296,2023-10-01,San Diego Coast District
857,3906.450439453125,0.4352021556595427,2023-10-01,San Luis Obispo Coast District
858,7234.408203125,0.9418083872178334,2023-10-01,Santa Cruz District
859,96413.375,1.0083688815999274,2023-10-01,Sierra District
860,3776.452392578125,0.4463857541525936,2023-10-01,Sonoma-Mendocino Coast District
861,4107.94775390625,0.46883940796147666,2023-11-01,Angeles District
862,16444.791015625,1.0719584893787635,2023-11-01,Bay Area District
863,20435.740234375,1.3797847054634187,2023-11-01,Capital District
864,62984.20703125,0.7458149326553741,2023-11-01,Central Valley District
865,3405.95654296875,0.41280688500778195,2023-11-01,Channel Coast District
866,7344.90625,0.532265311882472,2023-11-01,Colorado Desert District
867,68535.125,1.2667807211875295,2023-11-01,Diablo Range District
868,6473.91796875,0.7044660808365758,2023-11-01,Gold Fields District
869,60312.74609375,0.5860180499888662,2023-11-01,Great Basin District
870,14403.8203125,0.33118633690216837,2023-11-01,Inland Empire District
871,1663.97900390625,0.3669786190968285,2023-11-01,Monterey District
872,10828.861328125,0.45069720371105093,2023-11-01,North Coast Redwoods District
873,192742.234375,1.036822768940246,2023-11-01,Northern Buttes District
874,948.9879150390625,0.36746350002197825,2023-11-01,Oceano Dunes District
875,88275.3828125,1.2255208025244746,2023-11-01,Ocotillo Wells District
876,1137.4854736328125,0.4659474910552142,2023-11-01,Orange Coast District
877,3854.451171875,0.6463291096312291,2023-11-01,San Diego Coast District
878,3945.44970703125,0.4373592746203701,2023-11-01,San Luis Obispo Coast District
879,7279.90673828125,0.9447002649039172,2023-11-01,Santa Cruz District
880,98506.3515625,1.0189751920601464,2023-11-01,Sierra District
881,4114.4482421875,0.46583440281857574,2023-11-01,Sonoma-Mendocino Coast District
882,4276.94580078125,0.47833432189015884,2023-12-01,Angeles District
883,4562.94189453125,0.570501018110485,2023-12-01,Bay Area District
884,259.9967041015625,0.15940098152902868,2023-12-01,Capital District
885,63218.20703125,0.7471802912370042,2023-12-01,Central Valley District
886,3496.9560546875,0.4182624082699129,2023-12-01,Channel Coast District
887,7455.404296875,0.5362267126093995,2023-12-01,Colorado Desert District
888,18583.265625,0.6694631109872957,2023-12-01,Diablo Range District
889,1527.48046875,0.3437567872086816,2023-12-01,Gold Fields District
890,56016.3125,0.5649258345275854,2023-12-01,Great Basin District
891,14904.3125,0.33687584281637717,2023-12-01,Inland Empire District
892,1488.4810791015625,0.347145852506278,2023-12-01,Monterey District
893,13493.8271484375,0.5028071587591456,2023-12-01,North Coast Redwoods District
894,103147.265625,0.7631962851997726,2023-12-01,Northern Buttes District
895,831.9893798828125,0.3441350136038681,2023-12-01,Oceano Dunes District
896,88392.3828125,1.226301527515592,2023-12-01,Ocotillo Wells District
897,1182.98486328125,0.47512572260804947,2023-12-01,Orange Coast District
898,3971.449462890625,0.6559647024347645,2023-12-01,San Diego Coast District
899,4185.947265625,0.45042910337582226,2023-12-01,San Luis Obispo Coast District
900,1390.9822998046875,0.4166139670629954,2023-12-01,Santa Cruz District
901,90517.9296875,0.9778085026924468,2023-12-01,Sierra District
902,4712.43994140625,0.49835045305773,2023-12-01,Sonoma-Mendocino Coast District
903,4172.947265625,0.4725143676550276,2024-01-01,Angeles District
904,17855.2734375,1.1156044204542557,2024-01-01,Bay Area District
905,41098.98046875,1.906987239704875,2024-01-01,Capital District
906,61092.72265625,0.7346799483069462,2024-01-01,Central Valley District
907,3464.456298828125,0.4163223502985449,2024-01-01,Channel Coast District
908,0.0,0.0,2024-01-01,Colorado Desert District
909,78207.0078125,1.349280330252655,2024-01-01,Diablo Range District
910,9574.3779296875,0.854234357598801,2024-01-01,Gold Fields District
911,45453.921875,0.509253218976332,2024-01-01,Great Basin District
912,1364.982666015625,0.10207269124956184,2024-01-01,Inland Empire District
913,1462.4814453125,0.34410927587810514,2024-01-01,Monterey District
914,6974.41015625,0.36201130219538075,2024-01-01,North Coast Redwoods District
915,209050.515625,1.0785697903680305,2024-01-01,Northern Buttes District
916,747.490478515625,0.3262383089137883,2024-01-01,Oceano Dunes District
917,0.0,0.0,2024-01-01,Ocotillo Wells District
918,539.4931640625,0.3213282635169908,2024-01-01,Orange Coast District
919,0.0,0.0,2024-01-01,San Diego Coast District
920,4029.94873046875,0.44199625558505273,2024-01-01,San Luis Obispo Coast District
921,7058.91015625,0.9305620783729448,2024-01-01,Santa Cruz District
922,91466.9375,0.9827985977612135,2024-01-01,Sierra District
923,4614.94189453125,0.4931985051028925,2024-01-01,Sonoma-Mendocino Coast District
924,5173.9345703125,0.5258061294228249,2024-02-01,Angeles District
925,19421.75390625,1.161912576078141,2024-02-01,Bay Area District
926,55782.2890625,2.1795552345126774,2024-02-01,Capital District
927,59084.26953125,0.7226581327068513,2024-02-01,Central Valley District
928,3724.45263671875,0.43159461154515444,2024-02-01,Channel Coast District
929,7663.40234375,0.5436029848671333,2024-02-01,Colorado Desert District
930,78070.5078125,1.34815793424816,2024-02-01,Diablo Range District
931,10308.869140625,0.8857862598583534,2024-02-01,Gold Fields District
932,52603.85546875,0.5475759953539188,2024-02-01,Great Basin District
933,15801.30859375,0.34683668339619267,2024-02-01,Inland Empire District
934,1741.977783203125,0.37545294869338713,2024-02-01,Monterey District
935,6974.41064453125,0.36201130219538064,2024-02-01,North Coast Redwoods District
936,249408.5625,1.174768345304554,2024-02-01,Northern Buttes District
937,955.4878540039062,0.36871572735969793,2024-02-01,Oceano Dunes District
938,88301.3828125,1.2256943470723467,2024-02-01,Ocotillo Wells District
939,1358.482666015625,0.5089462648338143,2024-02-01,Orange Coast District
940,4146.94677734375,0.6701475131530022,2024-02-01,San Diego Coast District
941,4679.93994140625,0.47612991147873834,2024-02-01,San Luis Obispo Coast District
942,7819.39990234375,0.9782783748988123,2024-02-01,Santa Cruz District
943,89770.4296875,0.9738581445491915,2024-02-01,Sierra District
944,5089.435546875,0.5177777393192756,2024-02-01,Sonoma-Mendocino Coast District
945,4517.44287109375,0.4915233298678014,2024-03-01,Angeles District
946,17263.78125,1.0975396227052179,2024-03-01,Bay Area District
947,19233.25390625,1.3405282716596345,2024-03-01,Capital District
948,52473.83203125,0.6815161895156532,2024-03-01,Central Valley District
949,3555.455322265625,0.42173164601744717,2024-03-01,Channel Coast District
950,7188.90869140625,0.526620609549669,2024-03-01,Colorado Desert District
951,66663.1484375,1.250062803865891,2024-03-01,Diablo Range District
952,5706.9267578125,0.6618917401410287,2024-03-01,Gold Fields District
953,43386.95703125,0.497609902627262,2024-03-01,Great Basin District
954,15398.3125,0.3423977752374287,2024-03-01,Inland Empire District
955,1696.478515625,0.3705334555721166,2024-03-01,Monterey District
956,9827.8759765625,0.4294579868952765,2024-03-01,North Coast Redwoods District
957,136010.84375,0.8744015327197312,2024-03-01,Northern Buttes District
958,1000.9873046875,0.3773634757213726,2024-03-01,Oceano Dunes District
959,87040.3984375,1.217244211460563,2024-03-01,Ocotillo Wells District
960,1111.48583984375,0.46061892559411416,2024-03-01,Orange Coast District
961,3542.455078125,0.619871780596405,2024-03-01,San Diego Coast District
962,4569.44140625,0.47050548252468766,2024-03-01,San Luis Obispo Coast District
963,7325.40673828125,0.9475825052444746,2024-03-01,Santa Cruz District
964,94515.390625,0.9986428536478036,2024-03-01,Sierra District
965,4263.94580078125,0.4741772053538457,2024-03-01,Sonoma-Mendocino Coast District
966,4140.44775390625,0.470680551311468,2024-04-01,Angeles District
967,17133.78125,1.093524091094932,2024-04-01,Bay Area District
968,11140.8583984375,1.0302066997169548,2024-04-01,Capital District
969,46844.91796875,0.6443141559313463,2024-04-01,Central Valley District
970,3496.95556640625,0.41826240826991296,2024-04-01,Channel Coast District
971,7591.9033203125,0.541079055466933,2024-04-01,Colorado Desert District
972,64212.68359375,1.2277739448201934,2024-04-01,Diablo Range District
973,5537.9296875,0.6521201043837179,2024-04-01,Gold Fields District
974,39324.51171875,0.4738726186300183,2024-04-01,Great Basin District
975,15144.8115234375,0.3395754925000615,2024-04-01,Inland Empire District
976,1358.482666015625,0.3316819070741946,2024-04-01,Monterey District
977,7949.39794921875,0.38640321038735886,2024-04-01,North Coast Redwoods District
978,133579.828125,0.8666975017491958,2024-04-01,Northern Buttes District
979,1020.4869995117188,0.38100877122613386,2024-04-01,Oceano Dunes District
980,86799.8984375,1.2156248208335754,2024-04-01,Ocotillo Wells District
981,987.9874877929688,0.43439806340677817,2024-04-01,Orange Coast District
982,3373.45703125,0.6050388206224592,2024-04-01,San Diego Coast District
983,4686.4404296875,0.4764586477926637,2024-04-01,San Luis Obispo Coast District
984,6961.4111328125,0.9242496498477923,2024-04-01,Santa Cruz District
985,96829.3671875,1.0104867880461947,2024-04-01,Sierra District
986,4107.9482421875,0.4654682077993674,2024-04-01,Sonoma-Mendocino Coast District
987,3574.954345703125,0.4375170603600228,2024-05-01,Angeles District
988,16093.794921875,1.0607826451706364,2024-05-01,Bay Area District
989,32207.08984375,1.7072278003555033,2024-05-01,Capital District
990,46597.921875,0.6426302708160132,2024-05-01,Central Valley District
991,3197.95947265625,0.4000532072426953,2024-05-01,Channel Coast District
992,7455.4052734375,0.5362267126093996,2024-05-01,Colorado Desert District
993,60878.23046875,1.1966646142720723,2024-05-01,Diablo Range District
994,8371.8935546875,0.7996889585616159,2024-05-01,Gold Fields District
995,35762.546875,0.45201189357257426,2024-05-01,Great Basin District
996,14371.3212890625,0.3308134690790296,2024-05-01,Inland Empire District
997,1228.484375,0.3154524656038639,2024-05-01,Monterey District
998,5264.93310546875,0.3146522515498307,2024-05-01,North Coast Redwoods District
999,227614.359375,1.1239818571090268,2024-05-01,Northern Buttes District
1000,994.4873657226562,0.37614041835792583,2024-05-01,Oceano Dunes District
1001,86448.90625,1.2132568745740702,2024-05-01,Ocotillo Wells District
1002,181.99766540527344,0.1867850002148506,2024-05-01,Orange Coast District
1003,2892.46337890625,0.5605991261204728,2024-05-01,San Diego Coast District
1004,4406.94384765625,0.46210722754741923,2024-05-01,San Luis Obispo Coast District
1005,6564.91650390625,0.8980816272916894,2024-05-01,Santa Cruz District
1006,97979.84375,1.0163186877962231,2024-05-01,Sierra District
1007,3620.453857421875,0.43711183207505105,2024-05-01,Sonoma-Mendocino Coast District
1008,3646.453125,0.4418503669666307,2024-06-01,Angeles District
1009,15469.80078125,1.0405824070667786,2024-06-01,Bay Area District
1010,31778.09375,1.6967291218820133,2024-06-01,Capital District
1011,46441.9296875,0.6415643943783019,2024-06-01,Central Valley District
1012,2755.96533203125,0.3714776262026428,2024-06-01,Channel Coast District
1013,7364.40625,0.532966581558181,2024-06-01,Colorado Desert District
1014,59617.25,1.1846528067074198,2024-06-01,Diablo Range District
1015,8248.3955078125,0.7938601201499305,2024-06-01,Gold Fields District
1016,31485.6015625,0.4242466442866577,2024-06-01,Great Basin District
1017,12856.83984375,0.31294032690002416,2024-06-01,Inland Empire District
1018,922.98828125,0.27351109511819527,2024-06-01,Monterey District
1019,3457.9560546875,0.25510533999813506,2024-06-01,North Coast Redwoods District
1020,196531.71875,1.0466893587700905,2024-06-01,Northern Buttes District
1021,948.9879150390625,0.3674635000219783,2024-06-01,Oceano Dunes District
1022,85720.9140625,1.2083283844296373,2024-06-01,Ocotillo Wells District
1023,792.9898681640625,0.3893490033786764,2024-06-01,Orange Coast District
1024,2749.46484375,0.5466679915137433,2024-06-01,San Diego Coast District
1025,4296.4453125,0.45630627759869385,2024-06-01,San Luis Obispo Coast District
1026,6174.921875,0.8715110881052143,2024-06-01,Santa Cruz District
1027,98168.3203125,1.0172706658142732,2024-06-01,Sierra District
1028,3347.45751953125,0.4203812069475694,2024-06-01,Sonoma-Mendocino Coast District
1029,3698.453125,0.44497486409581916,2024-07-01,Angeles District
1030,15528.3037109375,1.0424947478334825,2024-07-01,Bay Area District
1031,5251.93310546875,0.7122650612426638,2024-07-01,Capital District
1032,45466.93359375,0.6348604774579683,2024-07-01,Central Valley District
1033,2963.96240234375,0.3851928938993072,2024-07-01,Channel Coast District
1034,7266.90771484375,0.5294506884321414,2024-07-01,Colorado Desert District
1035,58375.7578125,1.172687925497575,2024-07-01,Diablo Range District
1036,5388.431640625,0.6433469873667432,2024-07-01,Gold Fields District
1037,26363.662109375,0.38834440385699265,2024-07-01,Great Basin District
1038,13727.8310546875,0.3233412289179775,2024-07-01,Inland Empire District
1039,1228.484375,0.3154524656038639,2024-07-01,Monterey District
1040,4725.439453125,0.2981315389761836,2024-07-01,North Coast Redwoods District
1041,99240.7734375,0.7488056804596991,2024-07-01,Northern Buttes District
1042,870.9889526367188,0.3520850466869245,2024-07-01,Oceano Dunes District
1043,85252.9296875,1.2051477108674273,2024-07-01,Ocotillo Wells District
1044,883.98876953125,0.4109968850054172,2024-07-01,Orange Coast District
1045,3002.961669921875,0.5711244430039865,2024-07-01,San Diego Coast District
1046,4159.947265625,0.4490348379885831,2024-07-01,San Luis Obispo Coast District
1047,6304.919921875,0.8804641656886729,2024-07-01,Santa Cruz District
1048,97615.8359375,1.0144775830220123,2024-07-01,Sierra District
1049,3444.95654296875,0.42643312465165184,2024-07-01,Sonoma-Mendocino Coast District
1050,3769.951904296875,0.44923489283238577,2024-08-01,Angeles District
1051,15437.3046875,1.0395183014015816,2024-08-01,Bay Area District
1052,3308.458251953125,0.5666063004140865,2024-08-01,Capital District
1053,42905.9609375,0.6168907078419583,2024-08-01,Central Valley District
1054,3327.957763671875,0.4080717113588672,2024-08-01,Channel Coast District
1055,7208.40869140625,0.5273295918022205,2024-08-01,Colorado Desert District
1056,56880.78125,1.1580910681560233,2024-08-01,Diablo Range District
1057,4647.44189453125,0.5978871707616036,2024-08-01,Gold Fields District
1058,20624.240234375,0.34361570889598914,2024-08-01,Great Basin District
1059,13786.33203125,0.3240277168104028,2024-08-01,Inland Empire District
1060,1403.982177734375,0.33717586182620257,2024-08-01,Monterey District
1061,5017.9365234375,0.3071998280518849,2024-08-01,North Coast Redwoods District
1062,94723.3515625,0.7317913656223952,2024-08-01,Northern Buttes District
1063,701.9910888671875,0.31617780369087783,2024-08-01,Oceano Dunes District
1064,84862.9296875,1.2024896951596398,2024-08-01,Ocotillo Wells District
1065,890.4887084960938,0.41249902302330366,2024-08-01,Orange Coast District
1066,3327.957763671875,0.6009804812373196,2024-08-01,San Diego Coast District
1067,4133.947265625,0.44763614507991706,2024-08-01,San Luis Obispo Coast District
1068,6337.419921875,0.8826871343978574,2024-08-01,Santa Cruz District
1069,94066.8984375,0.9963292499573971,2024-08-01,Sierra District
1070,3509.95556640625,0.43041964900175966,2024-08-01,Sonoma-Mendocino Coast District
1071,3815.451416015625,0.4519245092792027,2024-09-01,Angeles District
1072,15677.8017578125,1.047364161926199,2024-09-01,Bay Area District
1073,4016.948974609375,0.6238175955253679,2024-09-01,Capital District
1074,44959.93359375,0.6313451805058299,2024-09-01,Central Valley District
1075,3314.957763671875,0.40727707665080676,2024-09-01,Channel Coast District
1076,7019.9111328125,0.5204345479978815,2024-09-01,Colorado Desert District
1077,59389.74609375,1.1824707212735495,2024-09-01,Diablo Range District
1078,4452.443359375,0.5853153410063365,2024-09-01,Gold Fields District
1079,12395.3466796875,0.2665364915848048,2024-09-01,Great Basin District
1080,13981.328125,0.32630547478087774,2024-09-01,Inland Empire District
1081,1410.4820556640625,0.3379533437211338,2024-09-01,Monterey District
1082,5635.427734375,0.32550817669774057,2024-09-01,North Coast Redwoods District
1083,82431.984375,0.6832393483650927,2024-09-01,Northern Buttes District
1084,610.9922485351562,0.2950192393854557,2024-09-01,Oceano Dunes District
1085,84953.9140625,1.2031105075971138,2024-09-01,Ocotillo Wells District
1086,1033.48681640625,0.44424195869455624,2024-09-01,Orange Coast District
1087,3347.457275390625,0.6027232349173759,2024-09-01,San Diego Coast District
1088,4075.447998046875,0.44447268119365346,2024-09-01,San Luis Obispo Coast District
1089,6499.91748046875,0.8937124557375146,2024-09-01,Santa Cruz District
1090,92851.4140625,0.9900290400852175,2024-09-01,Sierra District
1091,3509.95556640625,0.4304196490017596,2024-09-01,Sonoma-Mendocino Coast District
1092,3639.953857421875,0.4414582204323571,2024-10-01,Angeles District
1093,15632.30078125,1.045884842985108,2024-10-01,Bay Area District
1094,5947.4248046875,0.7573425732286974,2024-10-01,Capital District
1095,51791.34375,0.6771191742185136,2024-10-01,Central Valley District
1096,3295.45849609375,0.4060821624263136,2024-10-01,Channel Coast District
1097,7032.91015625,0.5209130764961447,2024-10-01,Colorado Desert District
1098,60371.23828125,1.1918519323837846,2024-10-01,Diablo Range District
1099,4575.94189453125,0.5933094914489146,2024-10-01,Gold Fields District
1100,13357.328125,0.2766679220207027,2024-10-01,Great Basin District
1101,13883.828125,0.32516861038859085,2024-10-01,Inland Empire District
1102,1650.9791259765625,0.36554687886745835,2024-10-01,Monterey District
1103,7182.4072265625,0.36735266371876746,2024-10-01,North Coast Redwoods District
1104,94794.8671875,0.73206390534105,2024-10-01,Northern Buttes District
1105,617.4921875,0.296581075753154,2024-10-01,Oceano Dunes District
1106,85987.4140625,1.210135268224619,2024-10-01,Ocotillo Wells District
1107,1013.9871215820312,0.4400506133053533,2024-10-01,Orange Coast District
1108,3639.95361328125,0.6282641150761638,2024-10-01,San Diego Coast District
1109,4036.44873046875,0.4423508955665842,2024-10-01,San Luis Obispo Coast District
1110,6811.9130859375,0.914478466343233,2024-10-01,Santa Cruz District
1111,92779.90625,0.9896570618220468,2024-10-01,Sierra District
1112,3418.95654296875,0.424827855287104,2024-10-01,Sonoma-Mendocino Coast District
1113,3951.94970703125,0.45989714093829326,2024-11-01,Angeles District
1114,16932.287109375,1.0872669519608007,2024-11-01,Bay Area District
1115,25219.6796875,1.5238682077239345,2024-11-01,Capital District
1116,57680.28125,0.7141280040641519,2024-11-01,Central Valley District
1117,3236.959228515625,0.4024757961793099,2024-11-01,Channel Coast District
1118,7104.41015625,0.5235369590023691,2024-11-01,Colorado Desert District
1119,70088.609375,1.2804593281864984,2024-11-01,Diablo Range District
1120,5986.4228515625,0.6777302397048732,2024-11-01,Gold Fields District
1121,16633.294921875,0.30866769360754626,2024-11-01,Great Basin District
1122,14683.3173828125,0.3343756568703438,2024-11-01,Inland Empire District
1123,1507.9808349609375,0.3494057689066035,2024-11-01,Monterey District
1124,11862.349609375,0.47160474608588243,2024-11-01,North Coast Redwoods District
1125,201042.609375,1.058300843785244,2024-11-01,Northern Buttes District
1126,571.9927368164062,0.2854673334722799,2024-11-01,Oceano Dunes District
1127,86994.8984375,1.216938032468245,2024-11-01,Ocotillo Wells District
1128,1117.9857177734375,0.46195694874509835,2024-11-01,Orange Coast District
1129,3672.45361328125,0.6310358081586991,2024-11-01,San Diego Coast District
1130,3847.951171875,0.4319459084865338,2024-11-01,San Luis Obispo Coast District
1131,7344.90576171875,0.9488148226719727,2024-11-01,Santa Cruz District
1132,98285.34375,1.0178610523044769,2024-11-01,Sierra District
1133,4803.439453125,0.5031102076192057,2024-11-01,Sonoma-Mendocino Coast District
1134,4198.9462890625,0.47397620244668737,2024-12-01,Angeles District
1135,19330.75390625,1.1592801682534017,2024-12-01,Bay Area District
1136,35151.5546875,1.7769819265506666,2024-12-01,Capital District
1137,58518.76171875,0.7192351794344627,2024-12-01,Central Valley District
1138,3399.456787109375,0.41241439739511043,2024-12-01,Channel Coast District
1139,7156.408203125,0.5254367891886927,2024-12-01,Colorado Desert District
1140,73793.5625,1.312402251734376,2024-12-01,Diablo Range District
1141,6668.9150390625,0.7148672415516345,2024-12-01,Gold Fields District
1142,16945.291015625,0.3115425156119109,2024-12-01,Great Basin District
1143,14631.31640625,0.3337846268627351,2024-12-01,Inland Empire District
1144,1514.480712890625,0.3501557954961646,2024-12-01,Monterey District
1145,10061.87109375,0.4345177241614989,2024-12-01,North Coast Redwoods District
1146,242986.65625,1.1600676337373264,2024-12-01,Northern Buttes District
1147,708.490966796875,0.31763472086378436,2024-12-01,Oceano Dunes District
1148,87326.390625,1.2191667172211238,2024-12-01,Ocotillo Wells District
1149,1163.4852294921875,0.47121455446179167,2024-12-01,Orange Coast District
1150,3659.45361328125,0.6299286514591673,2024-12-01,San Diego Coast District
1151,4270.44580078125,0.4549303794333053,2024-12-01,San Luis Obispo Coast District
1152,7273.40771484375,0.9442877316237015,2024-12-01,Santa Cruz District
1153,93982.4140625,0.9958926893122981,2024-12-01,Sierra District
1154,4699.43994140625,0.49766668161350675,2024-12-01,Sonoma-Mendocino Coast District
1155,3971.449462890625,0.46102460758753905,2025-01-01,Angeles District
1156,18147.771484375,1.1244162598560645,2025-01-01,Bay Area District
1157,37654.01953125,1.833339914087664,2025-01-01,Capital District
1158,58297.765625,0.7178928085544052,2025-01-01,Central Valley District
1159,3334.4580078125,0.40846843973969094,2025-01-01,Channel Coast District
1160,7156.40869140625,0.5254367891886926,2025-01-01,Colorado Desert District
1161,75626.5390625,1.3278677458727608,2025-01-01,Diablo Range District
1162,7630.90234375,0.7640065502517012,2025-01-01,Gold Fields District
1163,16860.791015625,0.3107665680756331,2025-01-01,Great Basin District
1164,14650.8203125,0.3340063869836113,2025-01-01,Inland Empire District
1165,1728.97802734375,0.3740540694841552,2025-01-01,Monterey District
1166,12837.3349609375,0.4904958120848009,2025-01-01,North Coast Redwoods District
1167,250702.046875,1.1777038271691467,2025-01-01,Northern Buttes District
1168,721.4908447265625,0.3205284984886299,2025-01-01,Oceano Dunes District
1169,87170.390625,1.218118515345619,2025-01-01,Ocotillo Wells District
1170,929.4882202148438,0.4213975855196035,2025-01-01,Orange Coast District
1171,3932.449951171875,0.6527693028476388,2025-01-01,San Diego Coast District
1172,4107.94775390625,0.4462329830163541,2025-01-01,San Luis Obispo Coast District
1173,8020.8974609375,0.9904996712840429,2025-01-01,Santa Cruz District
1174,94879.390625,1.000516218977388,2025-01-01,Sierra District
1175,4770.93896484375,0.5014156082026229,2025-01-01,Sonoma-Mendocino Coast District
1176,3899.950439453125,0.45687668227517225,2025-02-01,Angeles District
1177,17894.271484375,1.1167838910019863,2025-02-01,Bay Area District
1178,47917.390625,2.0410720238922146,2025-02-01,Capital District
1179,56146.296875,0.7046839555324007,2025-02-01,Central Valley District
1180,3054.961181640625,0.3910400087711659,2025-02-01,Channel Coast District
1181,7032.91064453125,0.5209130764961445,2025-02-01,Colorado Desert District
1182,53851.81640625,1.1278521761400544,2025-02-01,Diablo Range District
1183,9067.384765625,0.8317033334259923,2025-02-01,Gold Fields District
1184,17101.29296875,0.3129699331550181,2025-02-01,Great Basin District
1185,14540.3203125,0.33274777131580663,2025-02-01,Inland Empire District
1186,1039.98681640625,0.29029653366810126,2025-02-01,Monterey District
1187,12798.3388671875,0.48975447362504915,2025-02-01,North Coast Redwoods District
1188,199027.71875,1.0531318323529384,2025-02-01,Northern Buttes District
1189,461.494140625,0.2564634427971799,2025-02-01,Oceano Dunes District
1190,86429.40625,1.2131251644845813,2025-02-01,Ocotillo Wells District
1191,1065.9864501953125,0.45113937775430707,2025-02-01,Orange Coast District
1192,3451.456298828125,0.6119311261491793,2025-02-01,San Diego Coast District
1193,4062.448486328125,0.4437665679131286,2025-02-01,San Luis Obispo Coast District
1194,1800.47705078125,0.4736983352624902,2025-02-01,Santa Cruz District
1195,92753.90625,0.9895217587848458,2025-02-01,Sierra District
1196,5238.93408203125,0.525277760249341,2025-02-01,Sonoma-Mendocino Coast District
1197,3789.451904296875,0.45038959088705693,2025-03-01,Angeles District
1198,18323.267578125,1.1296659243853198,2025-03-01,Bay Area District
1199,16002.796875,1.2275527006105278,2025-03-01,Capital District
1200,55931.79296875,0.7033527784764473,2025-03-01,Central Valley District
1201,3002.9619140625,0.38770975435939137,2025-03-01,Channel Coast District
1202,7039.41064453125,0.5211521716331047,2025-03-01,Colorado Desert District
1203,68366.125,1.2652821352887853,2025-03-01,Diablo Range District
1204,5895.4248046875,0.6726162835069721,2025-03-01,Gold Fields District
1205,15242.3095703125,0.2955075561495761,2025-03-01,Great Basin District
1206,14839.318359375,0.3361424452119214,2025-03-01,Inland Empire District
1207,1397.482177734375,0.33639656341765434,2025-03-01,Monterey District
1208,5258.43359375,0.31445841880122816,2025-03-01,North Coast Redwoods District
1209,145026.1875,0.9023539082045604,2025-03-01,Northern Buttes District
1210,682.4913330078125,0.3117658127138405,2025-03-01,Oceano Dunes District
1211,85408.9140625,1.2062090163258792,2025-03-01,Ocotillo Wells District
1212,1052.9866943359375,0.4483933885512373,2025-03-01,Orange Coast District
1213,3665.953369140625,0.6304824823403227,2025-03-01,San Diego Coast District
1214,4088.44775390625,0.4451776531692996,2025-03-01,San Luis Obispo Coast District
1215,7377.40625,0.9508648057817514,2025-03-01,Santa Cruz District
1216,93228.3984375,0.991987837468782,2025-03-01,Sierra District
1217,3919.449951171875,0.4547175984108981,2025-03-01,Sonoma-Mendocino Coast District
1218,3431.9560546875,0.42871661988667814,2025-04-01,Angeles District
1219,17263.78125,1.0975396227052177,2025-04-01,Bay Area District
1220,12284.84375,1.0803360924213659,2025-04-01,Capital District
1221,45148.42578125,0.6326545209027862,2025-04-01,Central Valley District
1222,3119.960693359375,0.39516278638077135,2025-04-01,Channel Coast District
1223,6915.91162109375,0.5165899421240027,2025-04-01,Colorado Desert District
1224,63536.69921875,1.2215415572258643,2025-04-01,Diablo Range District
1225,5999.42333984375,0.6784575162491319,2025-04-01,Gold Fields District
1226,13805.8271484375,0.2812657773253187,2025-04-01,Great Basin District
1227,14085.3271484375,0.3275137363466936,2025-04-01,Inland Empire District
1228,1371.4825439453125,0.33326094933737416,2025-04-01,Monterey District
1229,7708.90185546875,0.38053378666854504,2025-04-01,North Coast Redwoods District
1230,141568.21875,0.8917444049913779,2025-04-01,Northern Buttes District
1231,721.4908447265625,0.32052849848862996,2025-04-01,Oceano Dunes District
1232,84459.9296875,1.1997359086005068,2025-04-01,Ocotillo Wells District
1233,805.98974609375,0.3925157871245894,2025-04-01,Orange Coast District
1234,3230.459228515625,0.5921870546491907,2025-04-01,San Diego Coast District
1235,3990.94921875,0.4398622979773349,2025-04-01,San Luis Obispo Coast District
1236,6844.4130859375,0.9166122681124085,2025-04-01,Santa Cruz District
1237,95106.875,1.0016851072522661,2025-04-01,Sierra District
1238,4120.94775390625,0.4662003041671254,2025-04-01,Sonoma-Mendocino Coast District
1239,3340.957275390625,0.4230193027528978,2025-05-01,Angeles District
1240,16282.29296875,1.0668007980978411,2025-05-01,Bay Area District
1241,39363.49609375,1.8704276924243395,2025-05-01,Capital District
1242,45635.9375,0.6360277552875747,2025-05-01,Central Valley District
1243,3080.961181640625,0.39269439102216064,2025-05-01,Channel Coast District
1244,6740.4140625,0.5100347424894759,2025-05-01,Colorado Desert District
1245,62132.7109375,1.2084776753065243,2025-05-01,Diablo Range District
1246,9119.3837890625,0.8340442405952402,2025-05-01,Gold Fields District
1247,13721.3251953125,0.2804053216240679,2025-05-01,Great Basin District
1248,13656.33203125,0.3225001838196611,2025-05-01,Inland Empire District
1249,1221.9844970703125,0.3146187981383231,2025-05-01,Monterey District
1250,5674.42724609375,0.32662971184594686,2025-05-01,North Coast Redwoods District
1251,261511.484375,1.201912508673917,2025-05-01,Northern Buttes District
1252,597.9923706054688,0.29187028552977057,2025-05-01,Oceano Dunes District
1253,84232.4296875,1.198178114641198,2025-05-01,Ocotillo Wells District
1254,727.99072265625,0.37310621248800346,2025-05-01,Orange Coast District
1255,2528.4677734375,0.5243888687415138,2025-05-01,San Diego Coast District
1256,3841.451171875,0.43158255922042915,2025-05-01,San Luis Obispo Coast District
1257,6213.92138671875,0.8742073933284935,2025-05-01,Santa Cruz District
1258,97602.828125,1.0144117607939087,2025-05-01,Sierra District
1259,3691.953369140625,0.44138702316383577,2025-05-01,Sonoma-Mendocino Coast District
1260,3483.95556640625,0.4319379014926131,2025-06-01,Angeles District
1261,15547.802734375,1.0431313265072173,2025-06-01,Bay Area District
1262,30101.1171875,1.6548084564115433,2025-06-01,Capital District
1263,45044.4453125,0.6319324748704712,2025-06-01,Central Valley District
1264,2463.468994140625,0.3512732638015865,2025-06-01,Channel Coast District
1265,6707.91455078125,0.5088113117869082,2025-06-01,Colorado Desert District
1266,60332.234375,1.1914807951931379,2025-06-01,Diablo Range District
1267,7702.40283203125,0.7675263468527763,2025-06-01,Gold Fields District
1268,13383.33203125,0.27693656420997786,2025-06-01,Great Basin District
1269,12447.3447265625,0.307927788635577,2025-06-01,Inland Empire District
1270,1072.486328125,0.2947882987419476,2025-06-01,Monterey District
1271,5219.43359375,0.31329288011447487,2025-06-01,North Coast Redwoods District
1272,203480.109375,1.0645161782836061,2025-06-01,Northern Buttes District
1273,552.4929809570312,0.28056847961996395,2025-06-01,Oceano Dunes District
1274,84095.9375,1.1972423120682456,2025-06-01,Ocotillo Wells District
1275,747.4904174804688,0.3780533546701792,2025-06-01,Orange Coast District
1276,2612.966796875,0.5330203959326636,2025-06-01,San Diego Coast District
1277,3717.95263671875,0.42461879113789924,2025-06-01,San Luis Obispo Coast District
1278,6252.92041015625,0.8768947633862824,2025-06-01,Santa Cruz District
1279,98109.84375,1.0169753300731768,2025-06-01,Sierra District
1280,3477.4560546875,0.4284311056500455,2025-06-01,Sonoma-Mendocino Coast District
